v0,x_true,linear,poly2,forest,mlp,physics
0.0,0.0,-7.84311553982317,3.5317167657698363,17.718831646072662,2.15174093022372,-2.8065307255757228e-14
0.20050125313283207,0.2126636935899391,-7.5800957139803735,3.7167366623463494,17.718831646072662,2.2067248100618473,0.21266369358991116
0.40100250626566414,0.4253273871798782,-7.317075888137573,3.9018422225364446,17.718831646072662,2.2640633566821076,0.42532738717985036
0.6015037593984962,0.6379910807698174,-7.054056062294773,4.087033446340158,17.718831646072662,2.3239157122855443,0.6379910807697896
0.8020050125313283,0.8506547743597564,-6.791036236451973,4.272310333757446,17.718831646072662,2.386441839076044,0.8506547743597288
1.0025062656641603,1.0633184679496954,-6.528016410609176,4.457672884788323,17.718831646072662,2.4518017686078326,1.063318467949668
1.2030075187969924,1.2759821615396347,-6.264996584766376,4.64312109943279,17.718831646072662,2.520154814163375,1.2759821615396074
1.4035087719298245,1.4886458551295738,-6.0019767589235755,4.828654977690867,17.718831646072662,2.591658756363922,1.4886458551295465
1.6040100250626566,1.701309548719513,-5.738956933080779,5.014274519562505,17.718831646072662,2.666469014711998,1.7013095487194858
1.8045112781954886,1.913973242309452,-5.4759371072379786,5.199979725047747,17.718831646072662,2.744737820449105,1.913973242309425
2.0050125313283207,2.126636935899391,-5.212917281395178,5.385770594146578,17.718831646072662,2.826613408933437,2.1266369358993638
2.2055137844611528,2.33930062948933,-4.949897455552378,5.571647126859013,17.718831646072662,2.9122392526285847,2.339300629489303
2.406015037593985,2.5519643230792695,-4.686877629709581,5.757609323185029,17.718831646072662,3.0017533586462224,2.551964323079243
2.606516290726817,2.7646280166692083,-4.423857803866781,5.943657183124621,17.718831646072662,3.0952876574712596,2.7646280166691817
2.807017543859649,2.9772917102591476,-4.160837978023981,6.129790706677817,17.718831646072662,3.192967511846946,2.977291710259121
3.007518796992481,3.189955403849087,-3.897818152181184,6.316009893844601,17.718831646072662,3.294911376598709,3.1899554038490607
3.208020050125313,3.402619097439026,-3.634798326338384,6.502314744624982,17.718831646072662,3.4012306411682998,3.4026190974389996
3.408521303258145,3.6152827910289647,-3.3717785004955836,6.688705259018953,17.718831646072662,3.5120296865049228,3.6152827910289385
3.6090225563909772,3.827946484618904,-3.108758674652787,6.875181437026512,17.718831646072662,3.6274061863532587,3.8279464846188778
3.8095238095238093,4.040610178208843,-2.8457388488099866,7.061743278647654,17.718831646072662,3.747451679475237,4.040610178208817
4.010025062656641,4.253273871798782,-2.5827190229671864,7.248390783882392,17.718831646072662,3.8722524334801225,4.253273871798755
4.2105263157894735,4.465937565388721,-2.319699197124386,7.435123952730727,17.718831646072662,4.0018906122163,4.465937565388694
4.4110275689223055,4.67860125897866,-2.0566793712815894,7.621942785192651,17.718831646072662,4.136445746579439,4.678601258978634
4.611528822055138,4.8912649525686,-1.7936595454387891,7.808847281268157,17.718831646072662,4.27599649260544,4.891264952568573
4.81203007518797,5.103928646158539,-1.5306397195959889,7.995837440957267,17.718831646072662,4.420622640385985,5.103928646158513
5.012531328320802,5.316592339748477,-1.2676198937531886,8.182913264259952,17.718831646072662,4.57040731232361,5.316592339748452
5.213032581453634,5.529256033338417,-1.004600067910392,8.37007475117624,17.718831646072662,4.725439259386819,5.529256033338391
5.413533834586466,5.741919726928356,-0.7415802420675917,8.557321901706114,17.718831646072662,4.885815129497356,5.74191972692833
5.614035087719298,5.954583420518295,-0.4785604162247914,8.744654715849581,17.718831646072662,5.051641543608856,5.9545834205182695
5.81453634085213,6.167247114108234,-0.2155405903819947,8.932073193606637,17.718831646072662,5.2230367736894205,6.167247114108209
6.015037593984962,6.379910807698174,0.04747923546080557,9.11957733497729,17.718831646072662,5.4001317748425,6.379910807698149
6.215538847117794,6.592574501288112,0.31049906130360583,9.307167139961525,17.718831646072662,5.583070284447075,6.592574501288087
6.416040100250626,6.805238194878052,0.5735188871464061,9.494842608559356,17.718831646072662,5.772007669083771,6.805238194878027
6.616541353383458,7.017901888467991,0.8365387129892028,9.68260374077077,17.718831646072662,5.967108181308117,7.017901888467966
6.81704260651629,7.230565582057929,1.099558538832003,9.87045053659578,17.718831646072662,6.168540290814434,7.2305655820579045
7.017543859649122,7.443229275647868,1.3625783646748033,10.058382996034393,17.718831646072662,6.376469787409933,7.443229275647843
7.2180451127819545,7.655892969237808,1.6255981905176,10.246401119086581,17.718831646072662,6.59105042653169,7.655892969237783
7.4185463659147866,7.868556662827747,1.8886180163604003,10.434504905752352,17.718831646072662,6.812412011514986,7.868556662827722
7.619047619047619,8.081220356417687,2.1516378422032005,10.622694356031726,17.718831646072662,7.040645988005955,8.081220356417662
7.819548872180451,8.293884050007625,2.414657668046001,10.81096946992469,17.718831646072662,7.275788867540138,8.2938840500076
8.020050125313283,8.506547743597563,2.6776774938887975,10.999330247431242,17.718831646072662,7.5178040940572295,8.506547743597539
8.220551378446114,8.719211437187504,2.9406973197315978,11.187776688551391,17.718831646072662,7.766563302186688,8.719211437187479
8.421052631578947,8.931875130777442,3.203717145574398,11.376308793285123,17.718831646072662,8.021828258483236,8.931875130777417
8.62155388471178,9.144538824367384,3.4667369714171983,11.564926561632458,17.718831646072662,8.283235080300528,9.144538824367359
8.822055137844611,9.35720251795732,3.729756797259995,11.753629993593368,17.718831646072662,8.550282532955233,9.357202517957296
9.022556390977442,9.569866211547259,3.9927766231027952,11.942419089167881,17.718831646072662,8.822326249970175,9.569866211547234
9.223057644110275,9.7825299051372,4.2557964489455955,12.131293848355977,17.718831646072662,9.098580545536572,9.782529905137174
9.423558897243108,9.995193598727138,4.518816274788396,12.320254271157662,17.718831646072662,9.37812905681403,9.995193598727115
9.62406015037594,10.207857292317078,4.7818361006311925,12.509300357572943,17.718831646072662,9.659944768078736,10.207857292317055
9.82456140350877,10.420520985907014,5.044855926473989,12.698432107601814,17.718831646072662,9.942919080268485,10.420520985906991
10.025062656641603,10.633184679496955,5.307875752316793,12.887649521244274,17.718831646072662,10.225898600637352,10.633184679496932
10.225563909774436,10.845848373086895,5.570895578159593,13.07695259850033,17.718831646072662,10.507727380066104,10.845848373086872
10.426065162907268,11.058512066676833,5.83391540400239,13.26634133936997,17.718831646072662,10.78729157648888,11.05851206667681
10.626566416040099,11.271175760266772,6.096935229845187,13.455815743853204,17.718831646072662,11.063563108959652,11.271175760266749
10.827067669172932,11.483839453856712,6.359955055687987,13.645375811950029,17.718831646072662,11.335638872602438,11.483839453856689
11.027568922305765,11.696503147446652,6.622974881530787,13.835021543660442,17.718831646072662,11.602772519617375,11.696503147446629
11.228070175438596,11.90916684103659,6.885994707373587,14.024752938984445,17.718831646072662,11.864396606280778,11.909166841036567
11.428571428571427,12.121830534626527,7.149014533216384,14.214569997922045,17.718831646072662,12.120133928308295,12.121830534626506
11.62907268170426,12.334494228216467,7.412034359059184,14.404472720473233,17.718831646072662,12.369797953238937,12.334494228216446
11.829573934837093,12.547157921806408,7.675054184901985,14.594461106638011,17.718831646072662,12.613383249664214,12.547157921806386
12.030075187969924,12.759821615396348,7.938074010744783,14.784535156416371,17.718831646072662,12.851047586128775,12.759821615396326
12.230576441102755,12.972485308986286,8.20109383658758,14.974694869808335,17.718831646072662,13.083087858511341,12.972485308986265
12.431077694235588,13.185149002576225,8.46411366243038,15.164940246813881,17.718831646072662,13.30991219184283,13.185149002576203
12.631578947368421,13.397812696166167,8.72713348827318,15.355271287433023,17.718831646072662,13.532010486119468,13.397812696166145
12.832080200501252,13.610476389756103,8.99015331411598,15.545687991665755,17.718831646072662,13.749925400784011,13.610476389756082
13.032581453634084,13.82314008334604,9.253173139958777,15.736190359512083,17.718831646072662,13.964225375416579,13.823140083346019
13.233082706766917,14.035803776935982,9.516192965801578,15.926778390971986,17.718831646072662,14.175480836836599,14.03580377693596
13.43358395989975,14.24846747052592,9.779212791644378,16.117452086045493,17.718831646072662,14.38424430331957,14.248467470525899
13.63408521303258,14.461131164115859,10.042232617487178,16.30821144473259,17.718831646072662,14.59103470495122,14.461131164115837
13.834586466165412,14.673794857705797,10.305252443329975,16.499056467033267,17.718831646072662,14.796325917605355,14.673794857705776
14.035087719298245,14.886458551295735,10.568272269172775,16.68998715294754,17.718831646072662,15.000539264448502,14.886458551295714
14.235588972431078,15.099122244885677,10.831292095015575,16.881003502475412,17.718831646072662,15.204039570766938,15.099122244885656
14.436090225563909,15.311785938475616,11.094311920858372,17.072105515616865,17.718831646072662,15.407134256585653,15.311785938475595
14.63659147869674,15.524449632065554,11.35733174670117,17.263293192371915,17.718831646072662,15.610074905405735,15.524449632065533
14.837092731829573,15.737113325655494,11.620351572543974,17.454566532740547,17.718831646072662,15.813060744221168,15.737113325655473
15.037593984962406,15.949777019245435,11.883371398386771,17.645925536722775,17.718831646072662,16.01624349834438,15.949777019245413
15.238095238095237,16.162440712835373,12.146391224229568,17.8373702043186,17.718831646072662,16.219733134463624,16.16244071283535
15.438596491228068,16.375104406425308,12.409411050072372,18.028900535528013,17.715241777583806,16.42360406839827,16.375104406425287
15.639097744360901,16.58776810001525,12.672430875915168,18.22051653035101,17.791664980839872,16.627901483426797,16.58776810001523
15.839598997493734,16.800431793605192,12.935450701757972,18.4122181887876,17.858933595564565,16.832647475497403,16.80043179360517
16.040100250626566,17.013095487195127,13.198470527600769,18.604005510837776,18.035858152529155,17.037846809034782,17.013095487195105
16.240601503759397,17.22575918078507,13.461490353443565,18.79587849650156,18.16712670394142,17.243492128519843,17.225759180785047
16.441102756892228,17.438422874375007,13.724510179286362,18.987837145778915,18.160062767165687,17.449568524658474,17.438422874374986
16.641604010025063,17.651086567964946,13.987530005129166,19.17988145866988,18.270507814566585,17.656057398811225,17.651086567964924
16.842105263157894,17.863750261554884,14.250549830971963,19.372011435174418,18.425583631037274,17.86293960528242,17.863750261554863
17.042606516290725,18.076413955144822,14.51356965681476,19.56422707529256,18.539142393044127,18.070197878590072,18.0764139551448
17.24310776942356,18.289077648734768,14.776589482657563,19.756528379024285,18.610856737072513,18.277818573013956,18.289077648734747
17.44360902255639,18.501741342324703,15.039609308500367,19.9489153463696,18.82156668502282,18.48579275593949,18.50174134232468
17.644110275689222,18.71440503591464,15.302629134343164,20.14138797732851,18.92153196992528,18.694116706339177,18.71440503591462
17.844611528822053,18.92706872950458,15.56564896018596,20.333946271901002,19.21296135396317,18.902791876690785,18.92706872950456
18.045112781954884,19.139732423094518,15.82866878602876,20.52659023008709,19.49947260878598,19.11182438206874,19.139732423094497
18.24561403508772,19.35239611668446,16.09168861187156,20.719319851886777,19.522001283102,19.321224085095743,19.35239611668444
18.44611528822055,19.5650598102744,16.35470843771436,20.912135137300044,19.69208642150129,19.5310033505319,19.565059810274377
18.64661654135338,19.777723503864337,16.617728263557158,21.10503608632691,19.94751121279139,19.741175548706682,19.777723503864316
18.847117794486216,19.990387197454275,16.88074808939996,21.298022698967362,19.91880610885026,19.951753392524555,19.990387197454258
19.047619047619047,20.203050891044217,17.14376791524276,21.491094975221404,20.07431306932577,20.162747197812834,20.2030508910442
19.24812030075188,20.415714584634156,17.40678774108556,21.684252915089036,20.426142070264678,20.37416316046223,20.415714584634138
19.44862155388471,20.62837827822409,17.669807566928355,21.877496518570258,20.76412534285962,20.58600174515911,20.628378278224073
19.64912280701754,20.84104197181403,17.932827392771152,22.070825785665075,20.72621060438884,20.79825627854567,20.84104197181401
19.849624060150376,21.053705665403974,18.195847218613956,22.264240716373482,20.933268596075195,21.010911833571257,21.053705665403957
20.050125313283207,21.26636935899391,18.458867044456756,22.45774131069548,21.16050957717063,21.223944481107495,21.26636935899389
20.250626566416038,21.479033052583848,18.721886870299553,22.65132756863106,21.972551486980592,21.43732096948844,21.47903305258383
20.451127819548873,21.69169674617379,18.984906696142357,22.84499949018024,22.09071653606798,21.65099887286638,21.691696746173772
20.651629072681704,21.904360439763728,19.247926521985153,23.038757075343014,22.984077964082374,21.8649272259669,21.90436043976371
20.852130325814535,22.117024133353667,19.51094634782795,23.23260032411937,23.22549247189379,22.079047637233792,22.11702413335365
21.052631578947366,22.329687826943605,19.77396617367075,23.426529236509317,23.40548818185336,22.293295846035075,22.329687826943587
21.253132832080198,22.542351520533543,20.036985999513547,23.620543812512857,23.627831673897358,22.507603664295875,22.542351520533526
21.453634085213032,22.755015214123485,20.30000582535635,23.814644052129996,23.925425901144244,22.721901220372523,22.755015214123468
21.654135338345863,22.967678907713424,20.563025651199148,24.00882995536071,24.338063935164918,22.936119404760106,22.967678907713406
21.854636591478695,23.180342601303362,20.826045477041948,24.203101522205024,24.37119698165865,23.150192404579276,23.180342601303344
22.05513784461153,23.393006294893304,21.089065302884748,24.397458752662928,24.548680184631042,23.364060207523178,23.393006294893286
22.25563909774436,23.605669988483243,21.35208512872755,24.59190164673442,24.7401500978431,23.577670956353483,23.605669988483225
22.45614035087719,23.81833368207318,21.615104954570345,24.786430204419503,24.820359790816482,23.79098304189456,23.818333682073163
22.656641604010023,24.03099737566312,21.878124780413142,24.98104442571818,24.836986125760887,24.00396683509061,24.030997375663105
22.857142857142854,24.243661069253054,22.141144606255942,25.175744310630442,24.848155934423975,24.216605976013188,24.24366106925304
23.05764411027569,24.456324762843,22.404164432098746,25.3705298591563,25.067677966831056,24.4288981584352,24.456324762842986
23.25814536340852,24.668988456432935,22.667184257941543,25.565401071295753,25.227763030224185,24.64085537134795,24.66898845643292
23.45864661654135,24.881652150022873,22.93020408378434,25.76035794704879,25.33198660233956,24.852503582250083,24.88165215002286
23.659147869674186,25.094315843612815,23.193223909627143,25.955400486415414,25.88122205143647,25.06388187000855,25.0943158436128
23.859649122807017,25.306979537202757,23.45624373546994,26.150528689395642,26.24318100323294,25.275041036640424,25.306979537202743
24.06015037593985,25.519643230792695,23.71926356131274,26.345742555989446,26.36648392876842,25.486041746816227,25.51964323079268
24.26065162907268,25.73230692438263,23.982283387155537,26.541042086196846,26.510695577656456,25.696952260827537,25.732306924382616
24.46115288220551,25.944970617972572,24.245303212998333,26.736427280017836,26.538121070236556,25.907845840995222,25.944970617972558
24.661654135338345,26.15763431156251,24.508323038841137,26.93189813745242,26.677926555233068,26.118797922970625,26.157634311562497
24.862155388471177,26.37029800515245,24.771342864683934,27.127454658500596,26.714910511003936,26.329883152124076,26.370298005152435
25.062656641604008,26.582961698742388,25.034362690526738,27.32309684316236,26.779545601120457,26.541172391243027,26.582961698742373
25.263157894736842,26.795625392332333,25.297382516369534,27.518824691437715,27.15752741692704,26.752729809035248,26.79562539233232
25.463659147869674,27.008289085922264,25.56040234221234,27.714638203326658,27.402634213753657,26.964610159315907,27.00828908592225
25.664160401002505,27.220952779512206,25.823422168055135,27.91053737882919,27.987847172196126,27.176856358018657,27.220952779512192
25.864661654135336,27.43361647310215,26.08644199389793,28.106522217945326,28.085781391148647,27.389497459004406,27.433616473102134
26.065162907268167,27.64628016669208,26.34946181974073,28.302592720675037,28.079719452049716,27.60254711974571,27.646280166692065
26.265664160401002,27.85894386028202,26.612481645583532,28.498748887018344,27.960704721590776,27.816002634090783,27.858943860282007
26.466165413533833,28.071607553871964,26.87550147142633,28.694990716975248,27.8805714205195,28.029844591393623,28.07160755387195
26.666666666666664,28.284271247461902,27.138521297269126,28.891318210545734,29.39853154998202,28.24403719950307,28.284271247461888
26.8671679197995,28.49693494105184,27.401541123111926,29.087731367729816,29.572272150982236,28.458529283934826,28.496934941051826
27.06766917293233,28.709598634641782,27.664560948954723,29.284230188527488,29.871194554689737,28.673255947852265,28.709598634641768
27.26817042606516,28.922262328231717,27.927580774797526,29.48081467293875,29.871194554689737,28.88814084845668,28.922262328231703
27.468671679197993,29.134926021821656,28.190600600640323,29.6774848209636,29.842168160810253,29.10309901652413,29.13492602182164
27.669172932330824,29.347589715411594,28.45362042648312,29.87424063260204,29.826032843946233,29.318040118803783,29.34758971541158
27.86967418546366,29.56025340900154,28.716640252325924,30.07108210785408,29.945849757845643,29.53287203954169,29.560253409001525
28.07017543859649,29.77291710259147,28.97966007816872,30.2680092467197,29.933550886353142,29.747504639122088,29.772917102591457
28.27067669172932,29.985580796181413,29.242679904011517,30.465022049198915,29.950976469332616,29.961853536066165,29.9855807961814
28.471177944862156,30.198244489771355,29.50569972985432,30.662120515291726,30.02683732771694,30.1758437543045,30.19824448977134
28.671679197994987,30.410908183361293,29.768719555697118,30.85930464499812,30.205521646361504,30.38941308114443,30.41090818336128
28.872180451127818,30.62357187695123,30.031739381539914,31.05657443831811,30.35547608039201,30.602514992515218,30.623571876951218
29.07268170426065,30.83623557054117,30.294759207382718,31.253929895251687,30.508837011748202,30.815121020182183,30.836235570541156
29.27318295739348,31.04889926413111,30.557779033225515,31.45137101579885,30.849292879987562,31.02722245949887,31.048899264131094
29.473684210526315,31.261562957721047,30.82079885906832,31.64889779995962,31.0082691803557,31.238831344394146,31.261562957721033
29.674185463659146,31.47422665131099,31.083818684911115,31.84651024773396,31.003224348398998,31.449980646969117,31.474226651310975
29.874686716791977,31.686890344900924,31.346838510753912,32.044208359121896,31.1901141085139,31.66072369057805,31.68689034490091
30.075187969924812,31.89955403849087,31.609858336596716,32.241992134123436,31.628699020656185,31.871132795987407,31.899554038490855
30.275689223057643,32.11221773208081,31.872878162439513,32.43986157273856,31.68430251011423,32.08129720877904,32.112217732080794
30.476190476190474,32.324881425670746,32.13589798828231,32.63781667496727,31.755055188298137,32.29132038153582,32.32488142567073
30.676691729323306,32.537545119260685,32.39891781412511,32.83585744080957,31.805661306832782,32.501316705799276,32.53754511926067
30.877192982456137,32.750208812850616,32.66193763996791,33.033983870265466,32.447416237511064,32.711407805918896,32.7502088128506
31.07769423558897,32.96287250644056,32.924957465810714,33.23219596333495,32.67323718950558,32.921718519586314,32.96287250644055
31.278195488721803,33.1755362000305,33.18797729165351,33.43049372001803,32.92638991901743,33.13237269813037,33.175536200030486
31.478696741854634,33.38819989362044,33.45099711749631,33.62887714031469,33.06513275584591,33.343488963713106,33.388199893620424
31.67919799498747,33.600863587210384,33.71401694333911,33.827346224224954,33.29746929769554,33.55517656064819,33.60086358721037
31.8796992481203,33.81352728080032,33.97703676918191,34.0259009717488,33.400472989016464,33.76753143438083,33.81352728080031
32.08020050125313,34.02619097439025,34.240056595024704,34.22454138288624,33.73171338919931,33.980632664424185,34.02619097439024
32.280701754385966,34.2388546679802,34.50307642086751,34.423267457637266,33.75678481015705,34.1945393669095,34.238854667980185
32.48120300751879,34.45151836157014,34.766096246710305,34.622079196001884,33.775695955310866,34.40928816854729,34.45151836157012
32.68170426065163,34.664182055160076,35.0291160725531,34.8209765979801,33.882794982273545,34.62489133693063,34.66418205516006
32.882205513784456,34.876845748750014,35.2921358983959,35.019959663571896,33.92917970288115,34.84133563253432,34.87684574875
33.08270676691729,35.08950944233995,35.5551557242387,35.21902839277729,33.934452410589074,35.058581925919434,35.08950944233994
33.283208020050125,35.30217313592989,35.818175550081506,35.41818278559627,33.966411143108544,35.27656560013525,35.30217313592988
33.48370927318295,35.51483682951982,36.081195375924295,35.617422842028844,34.65943718789666,35.495197733875436,35.51483682951981
33.68421052631579,35.72750052310977,36.3442152017671,35.81674856207501,35.20787006691958,35.71436703649417,35.727500523109754
33.88471177944862,35.94016421669971,36.6072350276099,36.01615994573477,35.65793772777809,35.93394248248473,35.9401642166997
34.08521303258145,36.152827910289645,36.87025485345269,36.21565699300811,35.91176375127838,36.15377657145293,36.15282791028963
34.285714285714285,36.36549160387959,37.133274679295496,36.41523970389505,36.003147955791164,36.37370912085822,36.365491603879576
34.48621553884712,36.578155297469536,37.3962945051383,36.61490807839557,36.253205113047535,36.593571483573186,36.57815529746952
34.68671679197995,36.79081899105947,37.6593143309811,36.814662116509695,36.5967938256583,36.81319107109193,36.79081899105945
34.88721804511278,37.003482684649406,37.9223341568239,37.014501818237406,36.63784979881296,37.03239605619643,37.00348268464939
35.08771929824561,37.216146378239344,38.18535398266669,37.21442718357869,36.697103904080365,37.251020125967784,37.21614637823933
35.288220551378444,37.42881007182928,38.448373808509494,37.41443821253359,36.73123465956178,37.46890715684959,37.42881007182927
35.48872180451128,37.64147376541922,38.7113936343523,37.614534905102076,36.73123465956178,37.6859156874973,37.64147376541921
35.68922305764411,37.85413745900916,38.97441346019509,37.81471726128414,37.005935661274314,37.90192307173034,37.854137459009145
35.88972431077694,38.066801152599105,39.23743328603789,38.0149852810798,37.02865579416882,38.116829202406635,38.06680115259909
36.09022556390977,38.279464846189036,39.50045311188069,38.21533896448905,36.984082391626444,38.33055970691775,38.27946484618902
36.290726817042604,38.492128539778975,39.76347293772349,38.41577831151189,36.984082391626444,38.54306852589704,38.49212853977896
36.49122807017544,38.70479223336892,40.026492763566296,38.61630332214833,36.98751062171336,38.754339798516384,38.704792233368906
36.691729323308266,38.91745592695885,40.289512589409085,38.81691399639835,37.20458962685516,38.964388990546325,38.91745592695884
36.8922305764411,39.1301196205488,40.55253241525189,39.01761033426197,37.458558979323946,39.17326321553804,39.13011962054878
37.092731829573935,39.34278331413874,40.81555224109469,39.218392335739175,37.59499321760189,39.38104071560197,39.34278331413873
37.29323308270676,39.555447007728674,41.07857206693748,39.41926000082997,37.58446888345013,39.5878294869645,39.55544700772866
37.4937343358396,39.76811070131861,41.341591892780286,39.62021332953436,37.76127523363824,39.793765057429745,39.7681107013186
37.69423558897243,39.98077439490855,41.60461171862309,39.82125232185234,37.850784201134104,39.999007448573025,39.98077439490854
37.89473684210526,40.19343808849849,41.86763154446588,40.02237697778391,38.021472534009916,40.203737385207056,40.19343808849848
38.095238095238095,40.406101782088435,42.130651370308684,40.22358729732907,38.04920213750604,40.40815184823888,40.40610178208843
38.29573934837092,40.61876547567837,42.39367119615149,40.42488328048781,38.10054574379375,40.61245910381916,40.618765475678366
38.49624060150376,40.83142916926831,42.65669102199429,40.62626492726015,38.25623652450311,40.816873380394036,40.831429169268304
38.69674185463659,41.04409286285825,42.919710847837095,40.82773223764609,38.18719441109836,41.02160940396359,41.04409286285824
38.89724310776942,41.25675655644818,43.182730673679885,41.029285211645615,38.289366188974995,41.22687703793099,41.256756556448174
39.097744360902254,41.46942025003813,43.44575049952269,41.23092384925872,38.289366188974995,41.43287630422573,41.46942025003812
39.29824561403508,41.68208394362806,43.70877032536548,41.43264815048542,38.33899429227816,41.639793083349296,41.68208394362805
39.49874686716792,41.894747637218,43.97179015120828,41.63445811532573,38.33899429227816,41.84779579897817,41.894747637217996
39.69924812030075,42.10741133080795,44.234809977051086,41.83635374377961,38.33948616264241,42.057033384380404,42.10741133080794
39.89974937343358,42.32007502439788,44.497829802893875,42.038335035847076,38.33948616264241,42.267634800521215,42.32007502439787
40.100250626566414,42.53273871798782,44.76084962873668,42.24040199152815,38.33948616264241,42.479710327863714,42.53273871798781
40.30075187969925,42.745402411577764,45.02386945457948,42.44255461082281,38.33948616264241,42.69335478566235,42.74540241157776
40.501253132832076,42.958066105167696,45.28688928042227,42.64479289373105,38.33948616264241,42.9086527460148,42.95806610516769
40.70175438596491,43.17072979875764,45.549909106265076,42.847116840252895,38.33948616264241,43.125685709110435,43.170729798757634
40.902255639097746,43.38339349234758,45.81292893210788,43.04952645038833,38.33948616264241,43.344541096869065,43.38339349234757
41.10275689223057,43.59605718593752,46.07594875795067,43.25202172413734,38.33948616264241,43.56532281183944,43.59605718593751
41.30325814536341,43.808720879527456,46.33896858379347,43.45460266149996,38.33948616264241,43.78816300506029,43.80872087952745
41.503759398496236,44.02138457311739,46.60198840963628,43.65726926247615,38.33948616264241,44.013234609022085,44.02138457311738
41.70426065162907,44.23404826670733,46.86500823547907,43.860021527065946,38.33948616264241,44.24076412801819,44.234048266707326
41.904761904761905,44.44671196029728,47.12802806132187,44.06285945526933,38.33948616264241,44.47104414547106,44.44671196029727
42.10526315789473,44.65937565388721,47.391047887164675,44.2657830470863,38.33948616264241,44.70444501315724,44.6593756538872
42.30576441102757,44.872039347477156,47.65406771300748,44.46879230251687,38.33948616264241,44.941425237528605,44.87203934747715
42.506265664160395,45.08470304106709,47.91708753885027,44.671887221561015,38.33948616264241,45.182540181323084,45.08470304106708
42.70676691729323,45.297366734657025,48.18010736469307,44.875067804218766,38.33948616264241,45.42844886376679,45.29736673465702
42.907268170426065,45.51003042824697,48.443127190535876,45.07833405049012,38.33948616264241,45.67991888046948,45.510030428246964
43.10776942355889,45.72269412183691,48.706147016378665,45.28168596037503,38.33948616264241,45.93782978338614,45.7226941218369
43.30827067669173,45.93535781542685,48.96916684222147,45.48512353387355,38.33948616264241,46.20317566099477,45.93535781542684
43.50877192982456,46.148021509016786,49.23218666806427,45.68864677098566,38.33948616264241,46.47706811295839,46.14802150901678
43.70927318295739,46.360685202606724,49.49520649390706,45.892255671711354,38.33948616264241,46.760741244665994,46.36068520260672
43.909774436090224,46.57334889619667,49.758226319749866,46.095950236050655,38.33948616264241,47.055560549244625,46.57334889619666
44.11027568922306,46.78601258978661,50.02124614559267,46.29973046400354,38.33948616264241,47.363037297570116,46.7860125897866
44.310776942355886,46.99867628337654,50.28426597143546,46.503596355570004,38.33948616264241,47.68484884517197,46.99867628337653
44.51127819548872,47.211339976966485,50.54728579727826,46.707547910750066,38.33948616264241,48.022862435038796,47.21133997696648
44.71177944862155,47.42400367055642,50.81030562312105,46.91158512954371,38.33948616264241,48.37915489139877,47.42400367055641
44.91228070175438,47.63666736414636,51.07332544896386,47.115708011950964,38.33948616264241,48.75601254227452,47.636667364146355
45.11278195488722,47.84933105773631,51.33634527480666,47.3199165579718,38.33948616264241,49.15588510917911,47.8493310577363
45.313283208020046,48.06199475132624,51.59936510064945,47.52421076760622,38.33948616264241,49.581256401302994,48.06199475132624
45.51378446115288,48.27465844491617,51.862384926492254,47.72859064085423,38.33948616264241,50.034388912072984,48.27465844491617
45.71428571428571,48.48732213850611,52.12540475233506,47.93305617771584,38.33948616264241,50.51690824628454,48.48732213850611
45.91478696741854,48.699985832096054,52.38842457817786,48.13760737819104,38.33948616264241,51.029228253175184,48.699985832096054
46.11528822055138,48.912649525686,52.651444404020666,48.34224424227983,38.33948616264241,51.56988554568154,48.912649525686
46.315789473684205,49.12531321927594,52.914464229863455,48.5469667699822,38.33948616264241,52.134942090583976,49.12531321927594
46.51629072681704,49.33797691286587,53.17748405570626,48.751774961298175,38.33948616264241,52.71768738099133,49.33797691286587
46.716791979949875,49.550640606455815,53.44050388154906,48.95666881622773,38.33948616264241,53.30886585841866,49.550640606455815
46.9172932330827,49.763304300045746,53.70352370739185,49.161648334770874,38.33948616264241,53.89752566991306,49.763304300045746
47.11779448621554,49.97596799363569,53.966543533234656,49.36671351692763,38.33948616264241,54.472357152501054,49.97596799363569
47.31829573934837,50.18863168722563,54.22956335907746,49.57186436269796,38.33948616264241,55.023174983754885,50.18863168722563
47.5187969924812,50.40129538081557,54.49258318492025,49.77710087208188,38.33948616264241,55.54212769676821,50.40129538081557
47.719298245614034,50.613959074405514,54.75560301076305,49.9824230450794,38.33948616264241,56.02433821291347,50.613959074405514
47.91979949874686,50.826622767995445,55.01862283660584,50.187830881690495,38.33948616264241,56.467910706542256,50.826622767995445
48.1203007518797,51.03928646158539,55.28164266244865,50.393324381915185,38.33948616264241,56.87344759241431,51.03928646158539
48.32080200501253,51.25195015517532,55.54466248829145,50.59890354575349,38.33948616264241,57.24331655645711,51.25195015517532
48.52130325814536,51.46461384876526,55.80768231413424,50.80456837320535,38.33948616264241,57.580889376335364,51.46461384876526
48.721804511278194,51.677277542355206,56.070702139977044,51.01031886427082,38.33948616264241,57.8898949817764,51.677277542355206
48.92230576441102,51.889941235945145,56.333721965819834,51.21615501894988,38.33948616264241,58.17394473037382,51.889941235945145
49.122807017543856,52.102604929535076,56.59674179166264,51.42207683724253,38.33948616264241,58.43622863886584,52.102604929535076
49.32330827067669,52.31526862312502,56.85976161750544,51.62808431914877,38.33948616264241,58.679352366718994,52.31526862312502
49.52380952380952,52.52793231671495,57.12278144334823,51.83417746466859,38.33948616264241,58.90527796282564,52.52793231671495
49.72431077694235,52.7405960103049,57.385801269191035,52.04035627380202,38.33948616264241,59.11533610147496,52.7405960103049
49.92481203007519,52.95325970389484,57.64882109503384,52.24662074654903,38.33948616264241,59.310285709663255,52.95325970389484
50.125313283208015,53.165923397484775,57.91184092087664,52.45297088290963,38.33948616264241,59.490404111549736,53.165923397484775
50.32581453634085,53.37858709107472,58.17486074671943,52.65940668288382,38.33948616264241,59.65559552415725,53.37858709107472
50.526315789473685,53.591250784664666,58.437880572562236,52.86592814647161,38.33948616264241,59.80550808946212,53.591250784664666
50.72681704260651,53.8039144782546,58.70090039840504,53.07253527367298,38.33948616264241,59.9396505643309,53.8039144782546
50.92731829573935,54.01657817184453,58.96392022424784,53.27922806448795,38.33948616264241,60.05750038264058,54.01657817184453
51.127819548872175,54.22924186543447,59.22694005009063,53.486006518916504,38.33948616264241,60.158595849162985,54.22924186543447
51.32832080200501,54.44190555902441,59.48995987593344,53.692870636958645,38.33948616264241,60.24260705912022,54.44190555902441
51.528822055137844,54.65456925261436,59.75297970177624,53.89982041861438,38.33948616264241,60.30938264680506,54.65456925261436
51.72932330827067,54.8672329462043,60.01599952761903,54.10685586388371,38.33948616264241,60.35897223547555,54.8672329462043
51.92982456140351,55.07989663979423,60.279019353461834,54.31397697276663,38.33948616264241,60.391626980944096,55.07989663979423
52.130325814536334,55.29256033338416,60.54203917930462,54.52118374526314,38.33948616264241,60.40778246051826,55.29256033338416
52.33082706766917,55.505224026974105,60.80505900514743,54.72847618137324,38.33948616264241,60.40802914902574,55.505224026974105
52.531328320802004,55.71788772056404,61.06807883099023,54.93585428109693,38.33948616264241,60.39307585595967,55.71788772056404
52.73182957393483,55.93055141415398,61.33109865683302,55.1433180444342,38.33948616264241,60.36371094846972,55.93055141415398
52.932330827067666,56.14321510774393,61.594118482675825,55.35086747138508,38.33948616264241,60.320765209772816,56.14321510774393
53.1328320802005,56.35587880133387,61.85713830851863,55.558502561949545,38.33948616264241,60.26507903781764,56.35587880133387
53.33333333333333,56.568542494923804,62.12015813436142,55.76622331612759,38.33948616264241,60.19747557898366,56.568542494923804
53.53383458646616,56.781206188513735,62.38317796020422,55.97402973391924,38.33948616264241,60.11874044708291,56.781206188513735
53.734335839599,56.99386988210368,62.646197786047026,56.181921815324486,38.33948616264241,60.02960795919048,56.99386988210368
53.934837092731826,57.20653357569362,62.90921761188983,56.3898995603433,38.33948616264241,59.93075333281797,57.20653357569362
54.13533834586466,57.419197269283565,63.17223743773262,56.59796296897572,38.33948616264241,59.822790005676865,57.419197269283565
54.33583959899749,57.6318609628735,63.43525726357542,56.80611204122172,38.33948616264241,59.70627111595951,57.6318609628735
54.53634085213032,57.844524656463435,63.69827708941823,57.01434677708133,38.33948616264241,59.58169417115555,57.844524656463435
54.73684210526316,58.05718835005338,63.96129691526103,57.22266717655451,38.33948616264241,59.44950799554077,58.05718835005338
54.937343358395985,58.26985204364331,64.22431674110382,57.43107323964128,38.33948616264241,59.31012114788511,58.26985204364331
55.13784461152882,58.48251573723326,64.48733656694662,57.639564966341666,38.33948616264241,59.16391111820146,58.48251573723326
55.33834586466165,58.69517943082319,64.75035639278941,57.848142356655615,38.33948616264241,59.011233730360004,58.69517943082319
55.53884711779448,58.907843124413134,65.01337621863222,58.056805410583166,38.33948616264241,58.85243228755842,58.907843124413134
55.73934837092732,59.12050681800308,65.27639604447502,58.265554128124315,38.33948616264241,58.6878460961338,59.12050681800308
55.939849624060145,59.33317051159301,65.53941587031781,58.47438850927904,38.33948616264241,58.51781808928435,59.33317051159301
56.14035087719298,59.54583420518294,65.80243569616061,58.68330855404736,38.33948616264241,58.34270134695725,59.54583420518294
56.340852130325814,59.75849789877289,66.06545552200342,58.89231426242928,38.33948616264241,58.1628643732609,59.75849789877289
56.54135338345864,59.971161592362826,66.32847534784621,59.10140563442478,38.33948616264241,57.978695050178,59.971161592362826
56.741854636591476,60.18382528595277,66.59149517368901,59.31058267003388,38.33948616264241,57.790603237688856,60.18382528595277
56.94235588972431,60.39648897954271,66.85451499953182,59.51984536925657,38.33948616264241,57.599022036720356,60.39648897954271
57.14285714285714,60.60915267313264,67.1175348253746,59.72919373209283,38.33948616264241,57.40440777306949,60.60915267313264
57.34335839598997,60.82181636672259,67.38055465121741,59.9386277585427,38.33948616264241,57.20723879753726,60.82181636672259
57.5438596491228,61.03448006031252,67.64357447706021,60.14814744860616,38.33948616264241,57.00801322943224,61.03448006031252
57.744360902255636,61.24714375390246,67.906594302903,60.357752802283215,38.33948616264241,56.80724579662772,61.24714375390246
57.94486215538847,61.4598074474924,68.1696141287458,60.56744381957385,38.33948616264241,56.60546394469255,61.4598074474924
58.1453634085213,61.67247114108234,68.43263395458861,60.77722050047808,38.33948616264241,56.403203399606866,61.67247114108234
58.34586466165413,61.885134834672286,68.69565378043141,60.9870828449959,38.33948616264241,56.20100337287225,61.885134834672286
58.54636591478696,62.09779852826222,68.9586736062742,61.19703085312731,38.33948616264241,55.99940159446134,62.09779852826222
58.746867167919795,62.31046222185216,69.22169343211701,61.40706452487231,38.33948616264241,55.798929348506576,62.31046222185216
58.94736842105263,62.523125915442094,69.48471325795981,61.61718386023091,38.33948616264241,55.6001066698055,62.523125915442094
59.14786967418546,62.73578960903203,69.7477330838026,61.82738885920308,38.33948616264241,55.40343783738324,62.73578960903203
59.34837092731829,62.94845330262198,70.0107529096454,62.03767952178886,38.33948616264241,55.20940727600527,62.94845330262198
59.54887218045113,63.161116996211916,70.27377273548821,62.24805584798823,38.33948616264241,55.018475949315956,63.161116996211916
59.749373433583955,63.37378068980185,70.536792561331,62.45851783780118,38.33948616264241,54.83107830078524,63.37378068980185
59.94987468671679,63.58644438339179,70.7998123871738,62.66906549122773,38.33948616264241,54.647619772363676,63.58644438339179
60.150375939849624,63.79910807698174,71.0628322130166,62.879698808267875,38.33948616264241,54.46847490689133,63.79910807698174
60.35087719298245,64.01177177057167,71.3258520388594,63.09041778892159,38.33948616264241,54.29398601981708,64.01177177057167
60.55137844611529,64.22443546416162,71.5888718647022,63.30122243318892,38.33948616264241,54.12446240925095,64.22443546416162
60.751879699248114,64.43709915775155,71.85189169054499,63.51211274106983,38.33948616264241,53.96018006105663,64.43709915775155
60.95238095238095,64.64976285134149,72.11491151638779,63.72308871256432,38.33948616264241,53.80138179756625,64.64976285134149
61.152882205513784,64.86242654493144,72.3779313422306,63.93415034767243,38.33948616264241,53.64827781428196,64.86242654493144
61.35338345864661,65.07509023852137,72.6409511680734,64.14529764639408,38.33948616264241,53.50104654815411,65.07509023852137
61.553884711779446,65.2877539321113,72.90397099391619,64.35653060872937,38.33948616264241,53.35983582310887,65.2877539321113
61.754385964912274,65.50041762570123,73.166990819759,64.56784923467822,38.33948616264241,53.224764222799266,65.50041762570123
61.95488721804511,65.71308131929118,73.4300106456018,64.77925352424067,38.33948616264241,53.095922646412944,65.71308131929118
62.15538847117794,65.92574501288112,73.6930304714446,64.99074347741673,38.33948616264241,52.97337601018293,65.92574501288112
62.35588972431077,66.13840870647107,73.95605029728739,65.20231909420636,38.33948616264241,52.85716506445735,66.13840870647107
62.556390977443606,66.351072400061,74.2190701231302,65.4139803746096,38.33948616264241,52.74730830332616,66.351072400061
62.75689223057644,66.56373609365095,74.482089948973,65.6257273186264,38.33948616264241,52.643803950501805,66.56373609365095
62.95739348370927,66.77639978724088,74.74510977481579,65.83755992625682,38.33948616264241,52.5466320111206,66.77639978724088
63.1578947368421,66.98906348083082,75.00812960065859,66.0494781975008,38.33948616264241,52.455756384171146,66.98906348083082
63.35839598997494,67.20172717442077,75.2711494265014,66.2614821323584,38.33948616264241,52.371127034231066,67.20172717442077
63.558897243107765,67.4143908680107,75.53416925234418,66.47357173082958,38.33948616264241,52.29268222403607,67.4143908680107
63.7593984962406,67.62705456160064,75.79718907818699,66.68574699291435,38.33948616264241,52.220350811077715,67.62705456160064
63.95989974937343,67.83971825519058,76.06020890402978,66.8980079186127,38.33948616264241,52.154054611925574,67.83971825519058
64.16040100250626,68.0523819487805,76.32322872987258,67.11035450792465,38.33948616264241,52.09371083729639,68.0523819487805
64.36090225563909,68.26504564237044,76.58624855571537,67.32278676085019,38.33948616264241,52.03923459905059,68.26504564237044
64.56140350877193,68.4777093359604,76.84926838155819,67.53530467738932,38.33948616264241,51.99054148726326,68.4777093359604
64.76190476190476,68.69037302955033,77.11228820740098,67.74790825754205,38.33948616264241,51.94755021125797,68.69037302955033
64.96240601503759,68.90303672314027,77.37530803324378,67.96059750130836,38.33948616264241,51.91018529292737,68.90303672314027
65.16290726817043,69.11570041673022,77.63832785908659,68.17337240868827,38.33948616264241,51.87837979369545,69.11570041673022
65.36340852130326,69.32836411032015,77.90134768492938,68.38623297968176,38.33948616264241,51.85207804796302,69.32836411032015
65.56390977443608,69.54102780391008,78.16436751077218,68.59917921428885,38.33948616264241,51.831238365673926,69.54102780391008
65.76441102756891,69.75369149750003,78.42738733661497,68.81221111250952,38.33948616264241,51.81583565459573,69.75369149750003
65.96491228070175,69.96635519108997,78.69040716245779,69.02532867434378,38.33948616264241,51.805863898922134,69.96635519108997
66.16541353383458,70.1790188846799,78.95342698830058,69.23853189979165,38.33948616264241,51.80133841485497,70.1790188846799
66.36591478696741,70.39168257826984,79.21644681414337,69.4518207888531,38.33948616264241,51.80229778605027,70.39168257826984
66.56641604010025,70.60434627185978,79.47946663998619,69.66519534152815,38.33948616264241,51.808805362591904,70.60434627185978
66.76691729323308,70.81700996544971,79.74248646582897,69.87865555781678,38.33948616264241,51.820950187211466,70.81700996544971
66.9674185463659,71.02967365903964,80.00550629167176,70.09220143771898,38.33948616264241,51.838847192983266,71.02967365903964
67.16791979949875,71.2423373526296,80.26852611751458,70.30583298123481,38.33948616264241,51.8626364994578,71.2423373526296
67.36842105263158,71.45500104621954,80.53154594335737,70.5195501883642,38.33948616264241,51.89248162160118,71.45500104621954
67.5689223057644,71.66766473980948,80.79456576920016,70.7333530591072,38.33948616264241,51.9285664011857,71.66766473980948
67.76942355889724,71.88032843339943,81.05758559504298,70.94724159346379,38.33948616264241,51.97109047735203,71.88032843339943
67.96992481203007,72.09299212698936,81.32060542088577,71.16121579143396,38.33948616264241,52.02026313642391,72.09299212698936
68.1704260651629,72.30565582057929,81.58362524672856,71.37527565301772,38.33948616264241,52.07629542541503,72.30565582057929
68.37092731829574,72.51831951416924,81.84664507257138,71.58942117821508,38.33948616264241,52.13939048333685,72.51831951416924
68.57142857142857,72.73098320775918,82.10966489841417,71.80365236702603,38.33948616264241,52.209732142469676,72.73098320775918
68.7719298245614,72.94364690134911,82.37268472425697,72.01796921945058,38.33948616264241,52.28747197888456,72.94364690134911
68.97243107769424,73.15631059493907,82.63570455009977,72.2323717354887,38.33948616264241,52.372715144733796,73.15631059493907
69.17293233082707,73.368974288529,82.89872437594256,72.44685991514041,38.33948616264241,52.465505486338046,73.368974288529
69.3734335839599,73.58163798211893,83.16174420178537,72.6614337584057,38.33948616264241,52.56581062833371,73.58163798211893
69.57393483709272,73.79430167570885,83.42476402762816,72.8760932652846,38.33948616264241,52.67350786577676,73.79430167570885
69.77443609022556,74.00696536929881,83.68778385347098,73.09083843577713,38.33948616264241,52.78837182912157,74.00696536929881
69.97493734335839,74.21962906288874,83.95080367931376,73.30566926988318,38.33948616264241,52.9100649453188,74.21962906288874
70.17543859649122,74.43229275647869,84.21382350515655,73.52058576760285,38.33948616264241,53.038131687781565,74.43229275647869
70.37593984962406,74.64495645006863,84.47684333099937,73.73558792893613,38.33948616264241,53.17199747158399,74.64495645006863
70.57644110275689,74.85762014365856,84.73986315684216,73.95067575388298,38.33948616264241,53.310972803174586,74.85762014365856
70.77694235588972,75.0702838372485,85.00288298268495,74.16584924244341,38.33948616264241,53.45426294753835,75.0702838372485
70.97744360902256,75.28294753083844,85.26590280852777,74.38110839461746,38.33948616264241,53.600982959240355,75.28294753083844
71.17794486215539,75.49561122442839,85.52892263437056,74.59645321040509,38.33948616264241,53.75017748169467,75.49561122442839
71.37844611528821,75.70827491801832,85.79194246021335,74.81188368980628,38.33948616264241,53.900844305325265,75.70827491801832
71.57894736842105,75.92093861160828,86.05496228605617,75.02739983282112,38.33948616264241,54.05196034448441,75.92093861160828
71.77944862155388,76.13360230519821,86.31798211189896,75.2430016394495,38.33948616264241,54.20250848996914,76.13360230519821
71.97994987468671,76.34626599878814,86.58100193774175,75.45868910969148,38.33948616264241,54.35150374542579,76.34626599878814
72.18045112781954,76.55892969237807,86.84402176358455,75.67446224354705,38.33948616264241,54.498017165291714,76.55892969237807
72.38095238095238,76.77159338596802,87.10704158942735,75.89032104101625,38.33948616264241,54.64119635921325,76.77159338596802
72.58145363408521,76.98425707955795,87.37006141527016,76.106265502099,38.33948616264241,54.78028167434514,76.98425707955795
72.78195488721803,77.1969207731479,87.63308124111293,76.32229562679535,38.33948616264241,54.91461756316053,77.1969207731479
72.98245614035088,77.40958446673784,87.89610106695574,76.5384114151053,38.33948616264241,55.04365903967298,77.40958446673784
73.1829573934837,77.62224816032777,88.15912089279854,76.75461286702883,38.33948616264241,55.16697347769345,77.62224816032777
73.38345864661653,77.8349118539177,88.42214071864133,76.97089998256595,38.33948616264241,55.284238280168424,77.8349118539177
73.58395989974937,78.04757554750766,88.68516054448415,77.18727276171667,38.33948616264241,55.39523513323013,78.04757554750766
73.7844611528822,78.2602392410976,88.94818037032694,77.40373120448096,38.33948616264241,55.499841651189506,78.2602392410976
73.98496240601503,78.47290293468753,89.21120019616973,77.62027531085886,38.33948616264241,55.598021229488026,78.47290293468753
74.18546365914787,78.68556662827748,89.47422002201255,77.83690508085036,38.33948616264241,55.68981186890151,78.68556662827748
74.3859649122807,78.89823032186742,89.73723984785534,78.05362051445542,38.33948616264241,55.77531463630779,78.89823032186742
74.58646616541353,79.11089401545735,90.00025967369812,78.2704216116741,38.33948616264241,55.85468230482304,79.11089401545735
74.78696741854637,79.3235577090473,90.26327949954094,78.48730837250636,38.33948616264241,55.92810858597216,79.3235577090473
74.9874686716792,79.53622140263722,90.52629932538373,78.7042807969522,38.33948616264241,55.995818241617634,79.53622140263722
75.18796992481202,79.74888509622716,90.78931915122652,78.92133888501164,38.33948616264241,56.05805825217789,79.74888509622717
75.38847117794487,79.9615487898171,91.05233897706934,79.13848263668467,38.33948616264241,56.11509012487626,79.96154878981712
75.58897243107769,80.17421248340705,91.31535880291213,79.3557120519713,38.33948616264241,56.16718335292404,80.17421248340706
75.78947368421052,80.38687617699698,91.57837862875492,79.57302713087151,38.33948616264241,56.21460998296328,80.38687617699699
75.98997493734335,80.59953987058691,91.84139845459772,79.79042787338531,38.33948616264241,56.25764021169167,80.59953987058692
76.19047619047619,80.81220356417687,92.10441828044053,80.0079142795127,38.33948616264241,56.29653891056408,80.81220356417688
76.39097744360902,81.0248672577668,92.36743810628333,80.22548634925369,38.33948616264241,56.33156296680624,81.02486725776681
76.59147869674185,81.23753095135675,92.63045793212612,80.44314408260827,38.33948616264241,56.36295932684078,81.23753095135676
76.79197994987469,81.45019464494669,92.89347775796892,80.66088747957643,38.33948616264241,56.390963632077906,81.4501946449467
76.99248120300751,81.66285833853662,93.15649758381173,80.8787165401582,38.33948616264241,56.41579934478834,81.66285833853664
77.19298245614034,81.87552203212655,93.41951740965452,81.09663126435353,38.33948616264241,56.437677271796495,81.87552203212657
77.39348370927318,82.0881857257165,93.68253723549734,81.31463165216248,38.33948616264241,56.456795404772684,82.08818572571651
77.59398496240601,82.30084941930643,93.94555706134012,81.53271770358499,38.33948616264241,56.47333900708322,82.30084941930645
77.79448621553884,82.51351311289636,94.20857688718291,81.75088941862113,38.33948616264241,56.48748088787994,82.51351311289638
77.99498746867168,82.72617680648631,94.47159671302573,81.96914679727084,38.33948616264241,56.499381814014505,82.72617680648632
78.19548872180451,82.93884050007625,94.73461653886852,82.18748983953412,38.33948616264241,56.509191019244064,82.93884050007627
78.39598997493734,83.15150419366618,94.99763636471131,82.40591854541101,38.33948616264241,56.5170467779849,83.1515041936662
78.59649122807016,83.36416788725612,95.2606561905541,82.62443291490149,38.33948616264241,56.5230770175681,83.36416788725613
78.796992481203,83.57683158084608,95.52367601639692,82.84303294800557,38.33948616264241,56.52739994862148,83.57683158084609
78.99749373433583,83.789495274436,95.78669584223971,83.06171864472324,38.33948616264241,56.53012469793112,83.78949527443602
79.19799498746866,84.00215896802595,96.04971566808251,83.28049000505447,38.33948616264241,56.531351932027015,84.00215896802597
79.3984962406015,84.2148226616159,96.31273549392532,83.49934702899935,38.33948616264241,56.53117446290263,84.21482266161591
79.59899749373433,84.42748635520583,96.5757553197681,83.71828971655778,38.33948616264241,56.52967782981869,84.42748635520584
79.79949874686716,84.64015004879576,96.83877514561091,83.93731806772979,38.33948616264241,56.52694085315469,84.64015004879577
80.0,84.8528137423857,97.10179497145371,84.15643208251542,38.33948616264241,56.52303615785034,84.85281374238572
