system,model,t_normalised,relative_error
projectile,linear,0.0,0.0
projectile,linear,0.005025125628140704,7.073084684013636e-18
projectile,linear,0.010050251256281407,1.5072001835693324e-17
projectile,linear,0.01507537688442211,2.0055932347281322e-17
projectile,linear,0.020100502512562814,2.671428994282657e-17
projectile,linear,0.02512562814070352,3.149184668885309e-17
projectile,linear,0.03015075376884422,3.827637229041581e-17
projectile,linear,0.035175879396984924,4.41400807233588e-17
projectile,linear,0.04020100502512563,5.110784859700815e-17
projectile,linear,0.04522613065326633,5.784124879079654e-17
projectile,linear,0.05025125628140704,6.182154906892441e-17
projectile,linear,0.05527638190954774,6.726834461390398e-17
projectile,linear,0.06030150753768844,6.92387417299938e-17
projectile,linear,0.06532663316582915,7.837197370726047e-17
projectile,linear,0.07035175879396985,7.821465366938336e-17
projectile,linear,0.07537688442211056,9.197348560991938e-17
projectile,linear,0.08040201005025126,9.61703189502419e-17
projectile,linear,0.08542713567839195,1.0008500579523548e-16
projectile,linear,0.09045226130653267,1.0801509935228935e-16
projectile,linear,0.09547738693467336,1.0911849704836437e-16
projectile,linear,0.10050251256281408,1.1573463233487752e-16
projectile,linear,0.10552763819095477,1.2369777979817393e-16
projectile,linear,0.11055276381909548,1.3153652958832026e-16
projectile,linear,0.11557788944723618,1.389772969952215e-16
projectile,linear,0.12060301507537688,1.4429525294340473e-16
projectile,linear,0.12562814070351758,1.4828564254508058e-16
projectile,linear,0.1306532663316583,1.5943177447028373e-16
projectile,linear,0.135678391959799,1.663584979199911e-16
projectile,linear,0.1407035175879397,1.7275404734952972e-16
projectile,linear,0.1457286432160804,1.7840974388274485e-16
projectile,linear,0.15075376884422112,1.890925736259897e-16
projectile,linear,0.15577889447236182,1.9087034727074092e-16
projectile,linear,0.16080402010050251,1.9404005844888943e-16
projectile,linear,0.1658291457286432,2.0982693876165193e-16
projectile,linear,0.1708542713567839,2.1044627063226793e-16
projectile,linear,0.17587939698492464,2.2105933179006557e-16
projectile,linear,0.18090452261306533,2.2363316949590735e-16
projectile,linear,0.18592964824120603,2.310945320135534e-16
projectile,linear,0.19095477386934673,2.41607634103892e-16
projectile,linear,0.19597989949748745,2.411525152569665e-16
projectile,linear,0.20100502512562815,2.4502485628796615e-16
projectile,linear,0.20603015075376885,2.617355060438948e-16
projectile,linear,0.21105527638190955,2.675024048240392e-16
projectile,linear,0.21608040201005024,2.817055157433994e-16
projectile,linear,0.22110552763819097,2.907996043612833e-16
projectile,linear,0.22613065326633167,2.9733162172965277e-16
projectile,linear,0.23115577889447236,3.055377081325198e-16
projectile,linear,0.23618090452261306,3.178081110512526e-16
projectile,linear,0.24120603015075376,3.206629643046781e-16
projectile,linear,0.24623115577889448,3.3285507701979995e-16
projectile,linear,0.25125628140703515,3.445756775545649e-16
projectile,linear,0.2562814070351759,3.5339531236816427e-16
projectile,linear,0.2613065326633166,3.5556029083084e-16
projectile,linear,0.2663316582914573,3.504004792372874e-16
projectile,linear,0.271356783919598,3.6689887494918416e-16
projectile,linear,0.2763819095477387,3.6901961245510844e-16
projectile,linear,0.2814070351758794,3.815199604340104e-16
projectile,linear,0.2864321608040201,3.862433608260882e-16
projectile,linear,0.2914572864321608,3.966619900458328e-16
projectile,linear,0.2964824120603015,4.0126295885292e-16
projectile,linear,0.30150753768844224,3.9911676436366457e-16
projectile,linear,0.3065326633165829,4.1211684258972105e-16
projectile,linear,0.31155778894472363,4.183799898290581e-16
projectile,linear,0.3165829145728643,4.2506986442106203e-16
projectile,linear,0.32160804020100503,4.358392250392678e-16
projectile,linear,0.32663316582914576,4.48022233494538e-16
projectile,linear,0.3316582914572864,4.53496958078386e-16
projectile,linear,0.33668341708542715,4.56072815707859e-16
projectile,linear,0.3417085427135678,4.721656961366676e-16
projectile,linear,0.34673366834170855,4.711920453720751e-16
projectile,linear,0.35175879396984927,4.775716994401813e-16
projectile,linear,0.35678391959798994,4.961959668881396e-16
projectile,linear,0.36180904522613067,5.027359300567626e-16
projectile,linear,0.36683417085427134,5.067171668832709e-16
projectile,linear,0.37185929648241206,5.1435782058621855e-16
projectile,linear,0.3768844221105528,5.174467855395915e-16
projectile,linear,0.38190954773869346,5.350081740521864e-16
projectile,linear,0.3869346733668342,5.40107164640388e-16
projectile,linear,0.3919597989949749,5.569683355493232e-16
projectile,linear,0.3969849246231156,5.666314855344727e-16
projectile,linear,0.4020100502512563,5.707599318853286e-16
projectile,linear,0.40703517587939697,5.827222540356967e-16
projectile,linear,0.4120603015075377,5.862065572582606e-16
projectile,linear,0.4170854271356784,6.00288039321038e-16
projectile,linear,0.4221105527638191,6.1495310866301615e-16
projectile,linear,0.4271356783919598,6.205782579117647e-16
projectile,linear,0.4321608040201005,6.317280812650156e-16
projectile,linear,0.4371859296482412,6.406200605172209e-16
projectile,linear,0.44221105527638194,6.450700273009024e-16
projectile,linear,0.4472361809045226,6.619660483239722e-16
projectile,linear,0.45226130653266333,6.619764315356076e-16
projectile,linear,0.457286432160804,6.775777777478213e-16
projectile,linear,0.4623115577889447,6.954483504420309e-16
projectile,linear,0.46733668341708545,6.975336372760405e-16
projectile,linear,0.4723618090452261,7.291398291801505e-16
projectile,linear,0.47738693467336685,7.357945618369778e-16
projectile,linear,0.4824120603015075,7.542972329315513e-16
projectile,linear,0.48743718592964824,7.748857507720989e-16
projectile,linear,0.49246231155778897,7.940162855855566e-16
projectile,linear,0.49748743718592964,8.046661259081688e-16
projectile,linear,0.5025125628140703,8.256981728436692e-16
projectile,linear,0.507537688442211,8.19302066737119e-16
projectile,linear,0.5125628140703518,8.385261888579049e-16
projectile,linear,0.5175879396984925,8.524514095539605e-16
projectile,linear,0.5226130653266332,8.70791467836557e-16
projectile,linear,0.5276381909547738,8.873386184620483e-16
projectile,linear,0.5326633165829145,8.944379278980497e-16
projectile,linear,0.5376884422110553,9.166602446026184e-16
projectile,linear,0.542713567839196,9.379546067535295e-16
projectile,linear,0.5477386934673367,9.645319956094266e-16
projectile,linear,0.5527638190954774,9.695341911604886e-16
projectile,linear,0.5577889447236181,9.81975406132114e-16
projectile,linear,0.5628140703517588,1.0033134066888042e-15
projectile,linear,0.5678391959798995,1.017077009126596e-15
projectile,linear,0.5728643216080402,1.0294717516540881e-15
projectile,linear,0.577889447236181,1.0433464593252322e-15
projectile,linear,0.5829145728643216,1.0416409568651574e-15
projectile,linear,0.5879396984924623,1.0800891813436383e-15
projectile,linear,0.592964824120603,1.0951632626439587e-15
projectile,linear,0.5979899497487438,1.1275526994442154e-15
projectile,linear,0.6030150753768845,1.1486794242241635e-15
projectile,linear,0.6080402010050251,1.1740431922790028e-15
projectile,linear,0.6130653266331658,1.2001014662921881e-15
projectile,linear,0.6180904522613065,1.206489078016999e-15
projectile,linear,0.6231155778894473,1.2415101885350292e-15
projectile,linear,0.628140703517588,1.2450054738973067e-15
projectile,linear,0.6331658291457286,1.2766646515277444e-15
projectile,linear,0.6381909547738693,1.2906642346021362e-15
projectile,linear,0.6432160804020101,1.3137984832384843e-15
projectile,linear,0.6482412060301508,1.3315526827026044e-15
projectile,linear,0.6532663316582915,1.3592314853517648e-15
projectile,linear,0.6582914572864321,1.3810359198760792e-15
projectile,linear,0.6633165829145728,1.418497776750348e-15
projectile,linear,0.6683417085427136,1.434465588023053e-15
projectile,linear,0.6733668341708543,1.4746423568004707e-15
projectile,linear,0.678391959798995,1.4791926734911396e-15
projectile,linear,0.6834170854271356,1.5208700555137466e-15
projectile,linear,0.6884422110552764,1.5309662184534853e-15
projectile,linear,0.6934673366834171,1.5546253250731923e-15
projectile,linear,0.6984924623115578,1.57336820662737e-15
projectile,linear,0.7035175879396985,1.5971577260651663e-15
projectile,linear,0.7085427135678392,1.6401948986715693e-15
projectile,linear,0.7135678391959799,1.658687883750727e-15
projectile,linear,0.7185929648241206,1.6926866637738054e-15
projectile,linear,0.7236180904522613,1.7225851254054654e-15
projectile,linear,0.7286432160804021,1.7503187753430841e-15
projectile,linear,0.7336683417085427,1.788198824581492e-15
projectile,linear,0.7386934673366834,1.805072318987513e-15
projectile,linear,0.7437185929648241,1.826005838168881e-15
projectile,linear,0.7487437185929648,1.8331749369712783e-15
projectile,linear,0.7537688442211056,1.8782113635269805e-15
projectile,linear,0.7587939698492463,1.8771921073808142e-15
projectile,linear,0.7638190954773869,1.8982642271686664e-15
projectile,linear,0.7688442211055276,1.9146133046360874e-15
projectile,linear,0.7738693467336684,1.9280301129329003e-15
projectile,linear,0.7788944723618091,1.9588988768157382e-15
projectile,linear,0.7839195979899498,1.9807038898844028e-15
projectile,linear,0.7889447236180904,1.9974663843222718e-15
projectile,linear,0.7939698492462312,2.0129167221420474e-15
projectile,linear,0.7989949748743719,2.03214861638222e-15
projectile,linear,0.8040201005025126,2.0499168530266015e-15
projectile,linear,0.8090452261306533,2.0702306896260152e-15
projectile,linear,0.8140703517587939,2.090418403657212e-15
projectile,linear,0.8190954773869347,2.1214336293826706e-15
projectile,linear,0.8241206030150754,2.143770677660486e-15
projectile,linear,0.8291457286432161,2.1480727658673984e-15
projectile,linear,0.8341708542713568,2.176677370307083e-15
projectile,linear,0.8391959798994975,2.2038649277554377e-15
projectile,linear,0.8442211055276382,2.2262724003641135e-15
projectile,linear,0.8492462311557789,2.2370344858909166e-15
projectile,linear,0.8542713567839196,2.2572506978620245e-15
projectile,linear,0.8592964824120604,2.274251834193779e-15
projectile,linear,0.864321608040201,2.2979348918826897e-15
projectile,linear,0.8693467336683417,2.326576770106854e-15
projectile,linear,0.8743718592964824,2.3532706137791206e-15
projectile,linear,0.8793969849246231,2.3788153197194238e-15
projectile,linear,0.8844221105527639,2.3925654195805916e-15
projectile,linear,0.8894472361809045,2.4313133565993526e-15
projectile,linear,0.8944723618090452,2.4441883797295705e-15
projectile,linear,0.8994974874371859,2.443611869363887e-15
projectile,linear,0.9045226130653267,2.4860350744458644e-15
projectile,linear,0.9095477386934674,2.509203598471835e-15
projectile,linear,0.914572864321608,2.530601772819083e-15
projectile,linear,0.9195979899497487,2.5595859648302594e-15
projectile,linear,0.9246231155778895,2.608790569970221e-15
projectile,linear,0.9296482412060302,2.5984572245097243e-15
projectile,linear,0.9346733668341709,2.6177744266069072e-15
projectile,linear,0.9396984924623115,2.650244725526587e-15
projectile,linear,0.9447236180904522,2.7055196192956923e-15
projectile,linear,0.949748743718593,2.7265492937584053e-15
projectile,linear,0.9547738693467337,2.7481260641381524e-15
projectile,linear,0.9597989949748744,2.774817399074132e-15
projectile,linear,0.964824120603015,2.8101675340524827e-15
projectile,linear,0.9698492462311558,2.8404433695584022e-15
projectile,linear,0.9748743718592965,2.8643190056544695e-15
projectile,linear,0.9798994974874372,2.9108599785892644e-15
projectile,linear,0.9849246231155779,2.9073768590135678e-15
projectile,linear,0.9899497487437187,2.961982076446071e-15
projectile,linear,0.9949748743718593,2.99260559739522e-15
projectile,linear,1.0,3.0003732362404286e-15
projectile,poly2,0.0,0.0
projectile,poly2,0.005025125628140704,2.8804713248581318e-12
projectile,poly2,0.010050251256281407,5.680347956720475e-12
projectile,poly2,0.01507537688442211,8.397915168977198e-12
projectile,poly2,0.020100502512562814,1.1031216030599558e-11
projectile,poly2,0.02512562814070352,1.3586145478118685e-11
projectile,poly2,0.03015075376884422,1.6064714636735532e-11
projectile,poly2,0.035175879396984924,1.846464590496986e-11
projectile,poly2,0.04020100502512563,2.0792080207704912e-11
projectile,poly2,0.04522613065326633,2.304915921720775e-11
projectile,poly2,0.05025125628140704,2.5232048866971974e-11
projectile,poly2,0.05527638190954774,2.7349895364930714e-11
projectile,poly2,0.06030150753768844,2.940036193105816e-11
projectile,poly2,0.06532663316582915,3.1383956480988693e-11
projectile,poly2,0.07035175879396985,3.330516365643811e-11
projectile,poly2,0.07537688442211056,3.5164817757976065e-11
projectile,poly2,0.08040201005025126,3.696400448933507e-11
projectile,poly2,0.08542713567839195,3.870494158935367e-11
projectile,poly2,0.09045226130653267,4.038962044890971e-11
projectile,poly2,0.09547738693467336,4.20170882069425e-11
projectile,poly2,0.10050251256281408,4.359303659301686e-11
projectile,poly2,0.10552763819095477,4.511620688501266e-11
projectile,poly2,0.11055276381909548,4.658795822498551e-11
projectile,poly2,0.11557788944723618,4.801129957781812e-11
projectile,poly2,0.12060301507537688,4.9387066791406023e-11
projectile,poly2,0.12562814070351758,5.0715611147055226e-11
projectile,poly2,0.1306532663316583,5.199929677386927e-11
projectile,poly2,0.135678391959799,5.3240249029457126e-11
projectile,poly2,0.1407035175879397,5.443755867602572e-11
projectile,poly2,0.1457286432160804,5.5595337889885475e-11
projectile,poly2,0.15075376884422112,5.6712057628364116e-11
projectile,poly2,0.15577889447236182,5.779056551792453e-11
projectile,poly2,0.16080402010050251,5.883243306901134e-11
projectile,poly2,0.1658291457286432,5.983847361109885e-11
projectile,poly2,0.1708542713567839,6.08094664618311e-11
projectile,poly2,0.17587939698492464,6.174714746172964e-11
projectile,poly2,0.18090452261306533,6.265251112941376e-11
projectile,poly2,0.18592964824120603,6.352660919918392e-11
projectile,poly2,0.19095477386934673,6.437052807409465e-11
projectile,poly2,0.19597989949748745,6.518473806447738e-11
projectile,poly2,0.20100502512562815,6.597188251314292e-11
projectile,poly2,0.20603015075376885,6.673194630716026e-11
projectile,poly2,0.21105527638190955,6.746546331665515e-11
projectile,poly2,0.21608040201005024,6.817420014103099e-11
projectile,poly2,0.22110552763819097,6.885835684339407e-11
projectile,poly2,0.22613065326633167,6.95200020540093e-11
projectile,poly2,0.23115577889447236,7.015945175684784e-11
projectile,poly2,0.23618090452261306,7.077723222132356e-11
projectile,poly2,0.24120603015075376,7.137487932739414e-11
projectile,poly2,0.24623115577889448,7.195313866160555e-11
projectile,poly2,0.25125628140703515,7.251207393148926e-11
projectile,poly2,0.2562814070351759,7.305350999477141e-11
projectile,poly2,0.2613065326633166,7.357796818471647e-11
projectile,poly2,0.2663316582914573,7.408576964690975e-11
projectile,poly2,0.271356783919598,7.457827902487766e-11
projectile,poly2,0.2763819095477387,7.505559130742319e-11
projectile,poly2,0.2814070351758794,7.55185726599035e-11
projectile,poly2,0.2864321608040201,7.596846709451552e-11
projectile,poly2,0.2914572864321608,7.640567279016775e-11
projectile,poly2,0.2964824120603015,7.68302224218179e-11
projectile,poly2,0.30150753768844224,7.724326123289452e-11
projectile,poly2,0.3065326633165829,7.764565589999293e-11
projectile,poly2,0.31155778894472363,7.803780063742685e-11
projectile,poly2,0.3165829145728643,7.841979161649603e-11
projectile,poly2,0.32160804020100503,7.879295171141021e-11
projectile,poly2,0.32663316582914576,7.915760180865875e-11
projectile,poly2,0.3316582914572864,7.95138543480153e-11
projectile,poly2,0.33668341708542715,7.986261617146753e-11
projectile,poly2,0.3417085427135678,8.020445095306604e-11
projectile,poly2,0.34673366834170855,8.053950385819953e-11
projectile,poly2,0.35175879396984927,8.086873888242441e-11
projectile,poly2,0.35678391959798994,8.119205920856678e-11
projectile,poly2,0.36180904522613067,8.150987535021974e-11
projectile,poly2,0.36683417085427134,8.182326294284098e-11
projectile,poly2,0.37185929648241206,8.21320947759262e-11
projectile,poly2,0.3768844221105528,8.243699164761492e-11
projectile,poly2,0.38190954773869346,8.273813535178488e-11
projectile,poly2,0.3869346733668342,8.303597545391295e-11
projectile,poly2,0.3919597989949749,8.33310033845058e-11
projectile,poly2,0.3969849246231156,8.362355918516146e-11
projectile,poly2,0.4020100502512563,8.391348687653293e-11
projectile,poly2,0.40703517587939697,8.420159833015188e-11
projectile,poly2,0.4120603015075377,8.448828097236819e-11
projectile,poly2,0.4170854271356784,8.477326223647206e-11
projectile,poly2,0.4221105527638191,8.505720781885875e-11
projectile,poly2,0.4271356783919598,8.534031916210672e-11
projectile,poly2,0.4321608040201005,8.562294695629592e-11
projectile,poly2,0.4371859296482412,8.590490104954692e-11
projectile,poly2,0.44221105527638194,8.618670375965489e-11
projectile,poly2,0.4472361809045226,8.646877560157218e-11
projectile,poly2,0.45226130653266333,8.675069993096147e-11
projectile,poly2,0.457286432160804,8.703335367742053e-11
projectile,poly2,0.4623115577889447,8.731645256289207e-11
projectile,poly2,0.46733668341708545,8.760008665063925e-11
projectile,poly2,0.4723618090452261,8.788475020864503e-11
projectile,poly2,0.47738693467336685,8.817046098061297e-11
projectile,poly2,0.4824120603015075,8.84570288951038e-11
projectile,poly2,0.48743718592964824,8.874497547683437e-11
projectile,poly2,0.49246231155778897,8.903410147361943e-11
projectile,poly2,0.49748743718592964,8.932467532644432e-11
projectile,poly2,0.5025125628140703,8.961665668186451e-11
projectile,poly2,0.507537688442211,8.990989339523601e-11
projectile,poly2,0.5125628140703518,9.020503344572464e-11
projectile,poly2,0.5175879396984925,9.050166908123494e-11
projectile,poly2,0.5226130653266332,9.079985848664671e-11
projectile,poly2,0.5276381909547738,9.109974987280751e-11
projectile,poly2,0.5326633165829145,9.140115518698033e-11
projectile,poly2,0.5376884422110553,9.170423991626979e-11
projectile,poly2,0.542713567839196,9.200900722124521e-11
projectile,poly2,0.5477386934673367,9.231526483194514e-11
projectile,poly2,0.5527638190954774,9.262320001139391e-11
projectile,poly2,0.5577889447236181,9.29325014050677e-11
projectile,poly2,0.5628140703517588,9.324321994203665e-11
projectile,poly2,0.5678391959798995,9.355556102908163e-11
projectile,poly2,0.5728643216080402,9.386893471807305e-11
projectile,poly2,0.577889447236181,9.418380502375781e-11
projectile,poly2,0.5829145728643216,9.449992386311804e-11
projectile,poly2,0.5879396984924623,9.481670726114352e-11
projectile,poly2,0.592964824120603,9.513470030268515e-11
projectile,poly2,0.5979899497487438,9.545361421273926e-11
projectile,poly2,0.6030150753768845,9.577314134661933e-11
projectile,poly2,0.6080402010050251,9.60933895360378e-11
projectile,poly2,0.6130653266331658,9.641395193920115e-11
projectile,poly2,0.6180904522613065,9.673486168642688e-11
projectile,poly2,0.6231155778894473,9.70560957255042e-11
projectile,poly2,0.628140703517588,9.737723956581513e-11
projectile,poly2,0.6331658291457286,9.769838770994173e-11
projectile,poly2,0.6381909547738693,9.801922114679245e-11
projectile,poly2,0.6432160804020101,9.8339582366413e-11
projectile,poly2,0.6482412060301508,9.865930189126902e-11
projectile,poly2,0.6532663316582915,9.897834156876043e-11
projectile,poly2,0.6582914572864321,9.92964014929456e-11
projectile,poly2,0.6633165829145728,9.961326699745944e-11
projectile,poly2,0.6683417085427136,9.992873098489475e-11
projectile,poly2,0.6733668341708543,1.002427033430212e-10
projectile,poly2,0.678391959798995,1.0055476643604357e-10
projectile,poly2,0.6834170854271356,1.0086508828558133e-10
projectile,poly2,0.6884422110552764,1.0117326012773896e-10
projectile,poly2,0.6934673366834171,1.0147869060170687e-10
projectile,poly2,0.6984924623115578,1.0178188331676543e-10
projectile,poly2,0.7035175879396985,1.0208217168658364e-10
projectile,poly2,0.7085427135678392,1.0237932803060146e-10
projectile,poly2,0.7135678391959799,1.0267345324382678e-10
projectile,poly2,0.7185929648241206,1.029640747944328e-10
projectile,poly2,0.7236180904522613,1.0325090177328512e-10
projectile,poly2,0.7286432160804021,1.0353402563911506e-10
projectile,poly2,0.7336683417085427,1.0381303165973387e-10
projectile,poly2,0.7386934673366834,1.0408768864297659e-10
projectile,poly2,0.7437185929648241,1.0435800904724245e-10
projectile,poly2,0.7487437185929648,1.0462346809142347e-10
projectile,poly2,0.7537688442211056,1.0488415807286346e-10
projectile,poly2,0.7587939698492463,1.0513971668308681e-10
projectile,poly2,0.7638190954773869,1.0539019210504176e-10
projectile,poly2,0.7688442211055276,1.0563522474616386e-10
projectile,poly2,0.7738693467336684,1.0587465596039402e-10
projectile,poly2,0.7788944723618091,1.0610853529517014e-10
projectile,poly2,0.7839195979899498,1.0633642667739968e-10
projectile,poly2,0.7889447236180904,1.0655855558131613e-10
projectile,poly2,0.7939698492462312,1.0677467208098829e-10
projectile,poly2,0.7989949748743719,1.0698452061857013e-10
projectile,poly2,0.8040201005025126,1.0718825610719097e-10
projectile,poly2,0.8090452261306533,1.0738588528758668e-10
projectile,poly2,0.8140703517587939,1.0757708309612766e-10
projectile,poly2,0.8190954773869347,1.077622401462915e-10
projectile,poly2,0.8241206030150754,1.0794124338600809e-10
projectile,poly2,0.8291457286432161,1.0811406687090235e-10
projectile,poly2,0.8341708542713568,1.082812402570726e-10
projectile,poly2,0.8391959798994975,1.0844258955169901e-10
projectile,poly2,0.8442211055276382,1.0859848151954541e-10
projectile,poly2,0.8492462311557789,1.0874958870127912e-10
projectile,poly2,0.8542713567839196,1.0889605971509998e-10
projectile,poly2,0.8592964824120604,1.090387837819332e-10
projectile,poly2,0.864321608040201,1.0917857493910288e-10
projectile,poly2,0.8693467336683417,1.0931599815512094e-10
projectile,poly2,0.8743718592964824,1.0945270654050228e-10
projectile,poly2,0.8793969849246231,1.0958999781760085e-10
projectile,poly2,0.8844221105527639,1.0972905300103725e-10
projectile,poly2,0.8894472361809045,1.0987210212312669e-10
projectile,poly2,0.8944723618090452,1.100207031303657e-10
projectile,poly2,0.8994974874371859,1.1017554622510626e-10
projectile,poly2,0.9045226130653267,1.1033897457926881e-10
projectile,poly2,0.9095477386934674,1.1051159673218628e-10
projectile,poly2,0.914572864321608,1.1069294230899957e-10
projectile,poly2,0.9195979899497487,1.1088447012586837e-10
projectile,poly2,0.9246231155778895,1.1108512566449124e-10
projectile,poly2,0.9296482412060302,1.1129516462755499e-10
projectile,poly2,0.9346733668341709,1.1151542586365096e-10
projectile,poly2,0.9396984924623115,1.1174702672202608e-10
projectile,poly2,0.9447236180904522,1.1199151134561452e-10
projectile,poly2,0.949748743718593,1.1225289876793957e-10
projectile,poly2,0.9547738693467337,1.1253303486672624e-10
projectile,poly2,0.9597989949748744,1.1283711795302966e-10
projectile,poly2,0.964824120603015,1.1316956518316094e-10
projectile,poly2,0.9698492462311558,1.1352875214441983e-10
projectile,poly2,0.9748743718592965,1.1391656492759578e-10
projectile,poly2,0.9798994974874372,1.1433080360117861e-10
projectile,poly2,0.9849246231155779,1.1476749429502603e-10
projectile,poly2,0.9899497487437187,1.1522538024244686e-10
projectile,poly2,0.9949748743718593,1.1570095736119748e-10
projectile,poly2,1.0,1.1593650757918873e-10
projectile,forest,0.0,0.0
projectile,forest,0.005025125628140704,4.3442149208478115e-05
projectile,forest,0.010050251256281407,8.640695320887148e-05
projectile,forest,0.01507537688442211,0.00012515778314051178
projectile,forest,0.020100502512562814,0.00016032112536950408
projectile,forest,0.02512562814070352,0.00019501466017174035
projectile,forest,0.03015075376884422,0.00022923001654337341
projectile,forest,0.035175879396984924,0.00026352705904524206
projectile,forest,0.04020100502512563,0.00029632886359202374
projectile,forest,0.04522613065326633,0.00032278442564028246
projectile,forest,0.05025125628140704,0.0003510011797087181
projectile,forest,0.05527638190954774,0.0003818895522014807
projectile,forest,0.06030150753768844,0.00040881174877370664
projectile,forest,0.06532663316582915,0.0004345272518921256
projectile,forest,0.07035175879396985,0.0004586529268996449
projectile,forest,0.07537688442211056,0.0004828774918021637
projectile,forest,0.08040201005025126,0.0005062947191511823
projectile,forest,0.08542713567839195,0.0005281894977439355
projectile,forest,0.09045226130653267,0.0005499503966531758
projectile,forest,0.09547738693467336,0.0005748664416952922
projectile,forest,0.10050251256281408,0.0005973599229330622
projectile,forest,0.10552763819095477,0.0006198824157458748
projectile,forest,0.11055276381909548,0.0006453852656621795
projectile,forest,0.11557788944723618,0.0006723405822611508
projectile,forest,0.12060301507537688,0.0006973945392946564
projectile,forest,0.12562814070351758,0.0007238379817998222
projectile,forest,0.1306532663316583,0.0007502416318963111
projectile,forest,0.135678391959799,0.0007750839022999596
projectile,forest,0.1407035175879397,0.0007977618240567113
projectile,forest,0.1457286432160804,0.0008189161038181112
projectile,forest,0.15075376884422112,0.0008410588281945374
projectile,forest,0.15577889447236182,0.0008621701208277469
projectile,forest,0.16080402010050251,0.0008843434649023804
projectile,forest,0.1658291457286432,0.0009080857420550068
projectile,forest,0.1708542713567839,0.0009323489383300737
projectile,forest,0.17587939698492464,0.0009556449358600237
projectile,forest,0.18090452261306533,0.0009775377872529292
projectile,forest,0.18592964824120603,0.0010001953240893757
projectile,forest,0.19095477386934673,0.0010237512564233613
projectile,forest,0.19597989949748745,0.0010492223456883107
projectile,forest,0.20100502512562815,0.0010720670328290911
projectile,forest,0.20603015075376885,0.0010916305717562917
projectile,forest,0.21105527638190955,0.0011094501836992562
projectile,forest,0.21608040201005024,0.0011280354828108847
projectile,forest,0.22110552763819097,0.0011437559705570557
projectile,forest,0.22613065326633167,0.0011574818411519542
projectile,forest,0.23115577889447236,0.0011693018812916419
projectile,forest,0.23618090452261306,0.0011783076028673233
projectile,forest,0.24120603015075376,0.0011873632121179012
projectile,forest,0.24623115577889448,0.0011969140943214407
projectile,forest,0.25125628140703515,0.0012100701942375364
projectile,forest,0.2562814070351759,0.0012248274968753913
projectile,forest,0.2613065326633166,0.001238764692367232
projectile,forest,0.2663316582914573,0.0012537313442458839
projectile,forest,0.271356783919598,0.001268249533259928
projectile,forest,0.2763819095477387,0.0012789551630597734
projectile,forest,0.2814070351758794,0.0012881341337590434
projectile,forest,0.2864321608040201,0.0012971009643516506
projectile,forest,0.2914572864321608,0.0013063064130551133
projectile,forest,0.2964824120603015,0.001313752513545106
projectile,forest,0.30150753768844224,0.001318128008739767
projectile,forest,0.3065326633165829,0.0013225320199091932
projectile,forest,0.31155778894472363,0.001327413702866059
projectile,forest,0.3165829145728643,0.001337126496922096
projectile,forest,0.32160804020100503,0.0013480324313354234
projectile,forest,0.32663316582914576,0.0013591366751361305
projectile,forest,0.3316582914572864,0.0013703902099135236
projectile,forest,0.33668341708542715,0.0013786933821719769
projectile,forest,0.3417085427135678,0.0013913439570573853
projectile,forest,0.34673366834170855,0.0014010867038783013
projectile,forest,0.35175879396984927,0.0014108134204078538
projectile,forest,0.35678391959798994,0.0014214443567879685
projectile,forest,0.36180904522613067,0.0014309512393530887
projectile,forest,0.36683417085427134,0.0014425802057965197
projectile,forest,0.37185929648241206,0.0014566782843045988
projectile,forest,0.3768844221105528,0.0014677062930851341
projectile,forest,0.38190954773869346,0.001477608443073414
projectile,forest,0.3869346733668342,0.0014899556219898518
projectile,forest,0.3919597989949749,0.0015022324661584034
projectile,forest,0.3969849246231156,0.0015135689532577046
projectile,forest,0.4020100502512563,0.001523468995856188
projectile,forest,0.40703517587939697,0.0015307311503854172
projectile,forest,0.4120603015075377,0.0015377672127472016
projectile,forest,0.4170854271356784,0.0015438932221044463
projectile,forest,0.4221105527638191,0.0015507137217427441
projectile,forest,0.4271356783919598,0.0015566032147821115
projectile,forest,0.4321608040201005,0.0015599805699355927
projectile,forest,0.4371859296482412,0.001562059448378628
projectile,forest,0.44221105527638194,0.0015685573750513376
projectile,forest,0.4472361809045226,0.0015759535709899415
projectile,forest,0.45226130653266333,0.001585223093506559
projectile,forest,0.457286432160804,0.0015956399827393105
projectile,forest,0.4623115577889447,0.0016049299683518633
projectile,forest,0.46733668341708545,0.0016137835581308574
projectile,forest,0.4723618090452261,0.0016230612820601256
projectile,forest,0.47738693467336685,0.001626916422428535
projectile,forest,0.4824120603015075,0.0016300852909120222
projectile,forest,0.48743718592964824,0.0016363605754470898
projectile,forest,0.49246231155778897,0.0016430306329409034
projectile,forest,0.49748743718592964,0.0016478338042765245
projectile,forest,0.5025125628140703,0.0016535696875991021
projectile,forest,0.507537688442211,0.0016602086986639223
projectile,forest,0.5125628140703518,0.0016683171743927566
projectile,forest,0.5175879396984925,0.0016758284654661113
projectile,forest,0.5226130653266332,0.001680848393675511
projectile,forest,0.5276381909547738,0.0016871549879177306
projectile,forest,0.5326633165829145,0.0016913668624829222
projectile,forest,0.5376884422110553,0.001695834549754731
projectile,forest,0.542713567839196,0.0017019741454518376
projectile,forest,0.5477386934673367,0.0017092507595756062
projectile,forest,0.5527638190954774,0.001715045557827188
projectile,forest,0.5577889447236181,0.0017206699679246922
projectile,forest,0.5628140703517588,0.0017266016658954296
projectile,forest,0.5678391959798995,0.001732493874474311
projectile,forest,0.5728643216080402,0.0017424711350619855
projectile,forest,0.577889447236181,0.0017548252811300951
projectile,forest,0.5829145728643216,0.001767981121141738
projectile,forest,0.5879396984924623,0.0017807654826831765
projectile,forest,0.592964824120603,0.0017937000838038261
projectile,forest,0.5979899497487438,0.0018046990180557183
projectile,forest,0.6030150753768845,0.0018149210164061691
projectile,forest,0.6080402010050251,0.001825614281804986
projectile,forest,0.6130653266331658,0.0018380083838172123
projectile,forest,0.6180904522613065,0.0018504341072013211
projectile,forest,0.6231155778894473,0.001860701591573723
projectile,forest,0.628140703517588,0.0018708512473579186
projectile,forest,0.6331658291457286,0.0018806036013970582
projectile,forest,0.6381909547738693,0.0018887970405749078
projectile,forest,0.6432160804020101,0.0018948595404605702
projectile,forest,0.6482412060301508,0.0019035967115773069
projectile,forest,0.6532663316582915,0.0019119914636809496
projectile,forest,0.6582914572864321,0.001921325125767302
projectile,forest,0.6633165829145728,0.0019308334285465041
projectile,forest,0.6683417085427136,0.0019426955677767858
projectile,forest,0.6733668341708543,0.0019552840044158963
projectile,forest,0.678391959798995,0.0019659999010596813
projectile,forest,0.6834170854271356,0.0019717519573372567
projectile,forest,0.6884422110552764,0.0019784420740022826
projectile,forest,0.6934673366834171,0.0019868444493051337
projectile,forest,0.6984924623115578,0.0019958542682897117
projectile,forest,0.7035175879396985,0.002003292935145858
projectile,forest,0.7085427135678392,0.0020089275874106307
projectile,forest,0.7135678391959799,0.002015749307032815
projectile,forest,0.7185929648241206,0.002024510266665122
projectile,forest,0.7236180904522613,0.002036637807619548
projectile,forest,0.7286432160804021,0.002049010431039308
projectile,forest,0.7336683417085427,0.002061603891393724
projectile,forest,0.7386934673366834,0.0020732464912252085
projectile,forest,0.7437185929648241,0.0020862733393216862
projectile,forest,0.7487437185929648,0.0020983231384446915
projectile,forest,0.7537688442211056,0.0021105549326941547
projectile,forest,0.7587939698492463,0.0021256015558973806
projectile,forest,0.7638190954773869,0.0021391083132519446
projectile,forest,0.7688442211055276,0.0021490145535014416
projectile,forest,0.7738693467336684,0.002158321659057243
projectile,forest,0.7788944723618091,0.002170168563218681
projectile,forest,0.7839195979899498,0.0021833362798933465
projectile,forest,0.7889447236180904,0.002196708318541795
projectile,forest,0.7939698492462312,0.0022082862593535905
projectile,forest,0.7989949748743719,0.0022180708169248884
projectile,forest,0.8040201005025126,0.002226873471196986
projectile,forest,0.8090452261306533,0.002235948371950504
projectile,forest,0.8140703517587939,0.0022470806325401225
projectile,forest,0.8190954773869347,0.0022629151255481256
projectile,forest,0.8241206030150754,0.002278525134018125
projectile,forest,0.8291457286432161,0.0022932372362953887
projectile,forest,0.8341708542713568,0.00230660332452748
projectile,forest,0.8391959798994975,0.0023219094811497525
projectile,forest,0.8442211055276382,0.002339833847390993
projectile,forest,0.8492462311557789,0.002358401863416502
projectile,forest,0.8542713567839196,0.0023732278493879726
projectile,forest,0.8592964824120604,0.0023878394584993887
projectile,forest,0.864321608040201,0.0024038887413924508
projectile,forest,0.8693467336683417,0.002424264289523013
projectile,forest,0.8743718592964824,0.002445800271860069
projectile,forest,0.8793969849246231,0.0024675825030368173
projectile,forest,0.8844221105527639,0.002488300717760091
projectile,forest,0.8894472361809045,0.00250509021364247
projectile,forest,0.8944723618090452,0.0025205276100899957
projectile,forest,0.8994974874371859,0.0025372213563582516
projectile,forest,0.9045226130653267,0.002551954874204007
projectile,forest,0.9095477386934674,0.0025652662294226693
projectile,forest,0.914572864321608,0.002578465877498574
projectile,forest,0.9195979899497487,0.002591826507398199
projectile,forest,0.9246231155778895,0.0026078795246001147
projectile,forest,0.9296482412060302,0.002622709525719571
projectile,forest,0.9346733668341709,0.0026373096682430737
projectile,forest,0.9396984924623115,0.002652229702967719
projectile,forest,0.9447236180904522,0.002669211241934995
projectile,forest,0.949748743718593,0.0026894820058202097
projectile,forest,0.9547738693467337,0.0027139144345389543
projectile,forest,0.9597989949748744,0.0027352836495617874
projectile,forest,0.964824120603015,0.002756955789452239
projectile,forest,0.9698492462311558,0.0027795175128606598
projectile,forest,0.9748743718592965,0.002800477387677951
projectile,forest,0.9798994974874372,0.002819321440608382
projectile,forest,0.9849246231155779,0.0028390221584529193
projectile,forest,0.9899497487437187,0.0028565383574424928
projectile,forest,0.9949748743718593,0.0028694085961078284
projectile,forest,1.0,0.0028783765879205987
projectile,mlp,0.0,0.0
projectile,mlp,0.005025125628140704,4.989819059173215e-06
projectile,mlp,0.010050251256281407,9.952538524352143e-06
projectile,mlp,0.01507537688442211,1.4881480078538011e-05
projectile,mlp,0.020100502512562814,1.9751625500217144e-05
projectile,mlp,0.02512562814070352,2.454786055006844e-05
projectile,mlp,0.03015075376884422,2.9258693801696582e-05
projectile,mlp,0.035175879396984924,3.3870783748862596e-05
projectile,mlp,0.04020100502512563,3.83806065740858e-05
projectile,mlp,0.04522613065326633,4.276751619664272e-05
projectile,mlp,0.05025125628140704,4.702957684732287e-05
projectile,mlp,0.05527638190954774,5.116711430886755e-05
projectile,mlp,0.06030150753768844,5.5174038772604346e-05
projectile,mlp,0.06532663316582915,5.9050441355600035e-05
projectile,mlp,0.07035175879396985,6.283380691857685e-05
projectile,mlp,0.07537688442211056,6.663958837419752e-05
projectile,mlp,0.08040201005025126,7.038197624931392e-05
projectile,mlp,0.08542713567839195,7.402483789942365e-05
projectile,mlp,0.09045226130653267,7.756003226654668e-05
projectile,mlp,0.09547738693467336,8.097649577429551e-05
projectile,mlp,0.10050251256281408,8.428216179632016e-05
projectile,mlp,0.10552763819095477,8.746329106010803e-05
projectile,mlp,0.11055276381909548,9.052015119076098e-05
projectile,mlp,0.11557788944723618,9.345918322565226e-05
projectile,mlp,0.12060301507537688,9.627767678874098e-05
projectile,mlp,0.12562814070351758,9.897902441579481e-05
projectile,mlp,0.1306532663316583,0.00010156928963382806
projectile,mlp,0.135678391959799,0.0001040545883132454
projectile,mlp,0.1407035175879397,0.00010643959045699463
projectile,mlp,0.1457286432160804,0.00010874065549900338
projectile,mlp,0.15075376884422112,0.00011097477787502211
projectile,mlp,0.15577889447236182,0.00011315920581187048
projectile,mlp,0.16080402010050251,0.00011529649193734461
projectile,mlp,0.1658291457286432,0.00011739719574606739
projectile,mlp,0.1708542713567839,0.00011947380065549966
projectile,mlp,0.17587939698492464,0.00012150735566799592
projectile,mlp,0.18090452261306533,0.00012350971255963662
projectile,mlp,0.18592964824120603,0.00012547119271333915
projectile,mlp,0.19095477386934673,0.00012741214358970258
projectile,mlp,0.19597989949748745,0.00012932970321313
projectile,mlp,0.20100502512562815,0.0001312335820603712
projectile,mlp,0.20603015075376885,0.00013313474787443933
projectile,mlp,0.21105527638190955,0.00013504706245113826
projectile,mlp,0.21608040201005024,0.00013697663419589607
projectile,mlp,0.22110552763819097,0.0001389381125651117
projectile,mlp,0.22613065326633167,0.00014094286184623722
projectile,mlp,0.23115577889447236,0.00014299805406953588
projectile,mlp,0.23618090452261306,0.00014512268187276487
projectile,mlp,0.24120603015075376,0.000147315826501787
projectile,mlp,0.24623115577889448,0.0001495928926804146
projectile,mlp,0.25125628140703515,0.00015195726016372423
projectile,mlp,0.2562814070351759,0.00015441216111448385
projectile,mlp,0.2613065326633166,0.00015696225359793946
projectile,mlp,0.2663316582914573,0.00015960922591632613
projectile,mlp,0.271356783919598,0.0001623520485149682
projectile,mlp,0.2763819095477387,0.00016519090687673997
projectile,mlp,0.2814070351758794,0.00016812931956851292
projectile,mlp,0.2864321608040201,0.0001711589810470667
projectile,mlp,0.2914572864321608,0.00017428260542983945
projectile,mlp,0.2964824120603015,0.00017749867012677932
projectile,mlp,0.30150753768844224,0.00018080487961662494
projectile,mlp,0.3065326633165829,0.00018419827185957692
projectile,mlp,0.31155778894472363,0.00018767746810064288
projectile,mlp,0.3165829145728643,0.0001912412637005277
projectile,mlp,0.32160804020100503,0.00019488699927051558
projectile,mlp,0.32663316582914576,0.00019861319393406183
projectile,mlp,0.3316582914572864,0.0002024193375059847
projectile,mlp,0.33668341708542715,0.0002063028326921758
projectile,mlp,0.3417085427135678,0.00021026070101119992
projectile,mlp,0.34673366834170855,0.0002142945011403964
projectile,mlp,0.35175879396984927,0.0002184034525849957
projectile,mlp,0.35678391959798994,0.00022258500069955966
projectile,mlp,0.36180904522613067,0.00022683952415581814
projectile,mlp,0.36683417085427134,0.00023116749073460392
projectile,mlp,0.37185929648241206,0.0002355673905258914
projectile,mlp,0.3768844221105528,0.0002400387724459217
projectile,mlp,0.38190954773869346,0.0002445861327673242
projectile,mlp,0.3869346733668342,0.00024920703948709685
projectile,mlp,0.3919597989949749,0.00025390115218035925
projectile,mlp,0.3969849246231156,0.00025867197029975887
projectile,mlp,0.4020100502512563,0.00026352032955858853
projectile,mlp,0.40703517587939697,0.00026844559049074774
projectile,mlp,0.4120603015075377,0.0002734533243315734
projectile,mlp,0.4170854271356784,0.00027854137148819035
projectile,mlp,0.4221105527638191,0.00028371153700441643
projectile,mlp,0.4271356783919598,0.00028896662512259283
projectile,mlp,0.4321608040201005,0.00029430656811140784
projectile,mlp,0.4371859296482412,0.0002997352917971299
projectile,mlp,0.44221105527638194,0.00030525245949239866
projectile,mlp,0.4472361809045226,0.00031085486231573016
projectile,mlp,0.45226130653266333,0.0003165512445576212
projectile,mlp,0.457286432160804,0.0003223388104319937
projectile,mlp,0.4623115577889447,0.00032821376500696137
projectile,mlp,0.46733668341708545,0.00033419004887802055
projectile,mlp,0.4723618090452261,0.0003402594972428828
projectile,mlp,0.47738693467336685,0.0003464257645926802
projectile,mlp,0.4824120603015075,0.00035269279752857426
projectile,mlp,0.48743718592964824,0.00035906120296604776
projectile,mlp,0.49246231155778897,0.0003655325069608193
projectile,mlp,0.49748743718592964,0.00037211294276749966
projectile,mlp,0.5025125628140703,0.00037880236601240113
projectile,mlp,0.507537688442211,0.00038560025166481507
projectile,mlp,0.5125628140703518,0.0003925167208726376
projectile,mlp,0.5175879396984925,0.00039954518960491045
projectile,mlp,0.5226130653266332,0.00040669331473933373
projectile,mlp,0.5276381909547738,0.0004139600815446963
projectile,mlp,0.5326633165829145,0.0004213469584743321
projectile,mlp,0.5376884422110553,0.0004288529302970416
projectile,mlp,0.542713567839196,0.00043647849032452254
projectile,mlp,0.5477386934673367,0.00044422231344181816
projectile,mlp,0.5527638190954774,0.00045207801799652416
projectile,mlp,0.5577889447236181,0.00046005613037519927
projectile,mlp,0.5628140703517588,0.0004681406517477416
projectile,mlp,0.5678391959798995,0.00047633392897163693
projectile,mlp,0.5728643216080402,0.00048463692312106666
projectile,mlp,0.577889447236181,0.0004930423995104488
projectile,mlp,0.5829145728643216,0.0005015446068837852
projectile,mlp,0.5879396984924623,0.0005101480792086574
projectile,mlp,0.592964824120603,0.0005188452766196939
projectile,mlp,0.5979899497487438,0.0005276315360128471
projectile,mlp,0.6030150753768845,0.0005365103703422383
projectile,mlp,0.6080402010050251,0.0005454722776336897
projectile,mlp,0.6130653266331658,0.0005545186679362336
projectile,mlp,0.6180904522613065,0.000563647136222726
projectile,mlp,0.6231155778894473,0.0005728560104148609
projectile,mlp,0.628140703517588,0.0005821405339639144
projectile,mlp,0.6331658291457286,0.0005915011841214804
projectile,mlp,0.6381909547738693,0.000600935459186171
projectile,mlp,0.6432160804020101,0.0006104409003490561
projectile,mlp,0.6482412060301508,0.0006200165903141547
projectile,mlp,0.6532663316582915,0.0006296603526277018
projectile,mlp,0.6582914572864321,0.0006393728286583456
projectile,mlp,0.6633165829145728,0.0006491509904600296
projectile,mlp,0.6683417085427136,0.0006589925685156744
projectile,mlp,0.6733668341708543,0.0006688970394306837
projectile,mlp,0.678391959798995,0.0006788650078817105
projectile,mlp,0.6834170854271356,0.0006888937675721314
projectile,mlp,0.6884422110552764,0.0006989829847872175
projectile,mlp,0.6934673366834171,0.0007091330022558794
projectile,mlp,0.6984924623115578,0.0007193414387195976
projectile,mlp,0.7035175879396985,0.0007296083374644098
projectile,mlp,0.7085427135678392,0.0007399338096814261
projectile,mlp,0.7135678391959799,0.0007503171851606093
projectile,mlp,0.7185929648241206,0.0007607590352934185
projectile,mlp,0.7236180904522613,0.0007712583125231455
projectile,mlp,0.7286432160804021,0.0007818164500766863
projectile,mlp,0.7336683417085427,0.0007924316207037531
projectile,mlp,0.7386934673366834,0.0008031046172346128
projectile,mlp,0.7437185929648241,0.0008138383875554361
projectile,mlp,0.7487437185929648,0.0008246324305754237
projectile,mlp,0.7537688442211056,0.0008354850426945196
projectile,mlp,0.7587939698492463,0.0008464009090290289
projectile,mlp,0.7638190954773869,0.0008573790654434128
projectile,mlp,0.7688442211055276,0.0008684206473401988
projectile,mlp,0.7738693467336684,0.0008795277517233766
projectile,mlp,0.7788944723618091,0.0008907019411847841
projectile,mlp,0.7839195979899498,0.0009019452569685327
projectile,mlp,0.7889447236180904,0.0009132590582736829
projectile,mlp,0.7939698492462312,0.0009246448203660237
projectile,mlp,0.7989949748743719,0.0009361039533716052
projectile,mlp,0.8040201005025126,0.0009476415464146652
projectile,mlp,0.8090452261306533,0.000959256737260413
projectile,mlp,0.8140703517587939,0.0009709528585805103
projectile,mlp,0.8190954773869347,0.00098273368017549
projectile,mlp,0.8241206030150754,0.0009945991961958606
projectile,mlp,0.8291457286432161,0.0010065547506192282
projectile,mlp,0.8341708542713568,0.0010186008092818216
projectile,mlp,0.8391959798994975,0.0010307418351073187
projectile,mlp,0.8442211055276382,0.0010429780344150881
projectile,mlp,0.8492462311557789,0.0010553164684401419
projectile,mlp,0.8542713567839196,0.0010677545942798087
projectile,mlp,0.8592964824120604,0.0010802984752785768
projectile,mlp,0.864321608040201,0.0010929505416936332
projectile,mlp,0.8693467336683417,0.001105710952546924
projectile,mlp,0.8743718592964824,0.0011185854920469547
projectile,mlp,0.8793969849246231,0.0011315722573496552
projectile,mlp,0.8844221105527639,0.0011446772582413651
projectile,mlp,0.8894472361809045,0.0011578999554911307
projectile,mlp,0.8944723618090452,0.001171245592528144
projectile,mlp,0.8994974874371859,0.0011847092845246004
projectile,mlp,0.9045226130653267,0.0011982991944161651
projectile,mlp,0.9095477386934674,0.001212011662826441
projectile,mlp,0.914572864321608,0.001225846525950424
projectile,mlp,0.9195979899497487,0.0012398098794192745
projectile,mlp,0.9246231155778895,0.001253895053561852
projectile,mlp,0.9296482412060302,0.001268106054030662
projectile,mlp,0.9346733668341709,0.0012824398876854469
projectile,mlp,0.9396984924623115,0.0012968959690826066
projectile,mlp,0.9447236180904522,0.0013114682082357022
projectile,mlp,0.949748743718593,0.0013261615415520536
projectile,mlp,0.9547738693467337,0.0013409654508350812
projectile,mlp,0.9597989949748744,0.0013558785938047407
projectile,mlp,0.964824120603015,0.00137089968043321
projectile,mlp,0.9698492462311558,0.0013860170833060364
projectile,mlp,0.9748743718592965,0.001401229841362817
projectile,mlp,0.9798994974874372,0.0014165281717061085
projectile,mlp,0.9849246231155779,0.0014319060213981872
projectile,mlp,0.9899497487437187,0.001447352788469606
projectile,mlp,0.9949748743718593,0.0014627974629979209
projectile,mlp,1.0,0.0014721596176101464
planetary,linear,0.0,0.0
planetary,linear,0.01507537688442211,0.0005900596623461357
planetary,linear,0.03015075376884422,0.0023409153373692747
planetary,linear,0.04522613065326633,0.005266775808221774
planetary,linear,0.06030150753768844,0.009373582929566322
planetary,linear,0.07537688442211055,0.014666204390095815
planetary,linear,0.09045226130653267,0.021145051693863767
planetary,linear,0.10552763819095477,0.02880670596878309
planetary,linear,0.12060301507537688,0.03764876468172175
planetary,linear,0.135678391959799,0.047654717452355
planetary,linear,0.1507537688442211,0.0588040869335949
planetary,linear,0.1658291457286432,0.07107417409826063
planetary,linear,0.18090452261306533,0.08443442547441642
planetary,linear,0.19597989949748743,0.09883934997668745
planetary,linear,0.21105527638190955,0.11425392911468091
planetary,linear,0.22613065326633164,0.13062620479934792
planetary,linear,0.24120603015075376,0.14790795568157047
planetary,linear,0.2562814070351759,0.16604115743000608
planetary,linear,0.271356783919598,0.184976131778099
planetary,linear,0.28643216080402006,0.20466259260491534
planetary,linear,0.3015075376884422,0.22504207805059165
planetary,linear,0.3165829145728643,0.24607761447199472
planetary,linear,0.3316582914572864,0.26772309438074166
planetary,linear,0.34673366834170855,0.28994181039367095
planetary,linear,0.36180904522613067,0.31269815975491794
planetary,linear,0.37688442211055273,0.33595581451477896
planetary,linear,0.39195979899497485,0.359685540124499
planetary,linear,0.40703517587939697,0.3838262839834377
planetary,linear,0.4221105527638191,0.40831759107800825
planetary,linear,0.4371859296482412,0.4330703607758236
planetary,linear,0.4522613065326633,0.4579636491455001
planetary,linear,0.4673366834170854,0.48284424097588935
planetary,linear,0.4824120603015075,0.507530981890036
planetary,linear,0.49748743718592964,0.5318208671043922
planetary,linear,0.5125628140703518,0.5555150007122467
planetary,linear,0.5276381909547738,0.5784220973053337
planetary,linear,0.542713567839196,0.6003856556742571
planetary,linear,0.5577889447236181,0.6212979551560729
planetary,linear,0.5728643216080401,0.641090848709313
planetary,linear,0.5879396984924623,0.6597281067035827
planetary,linear,0.6030150753768844,0.6772162439417349
planetary,linear,0.6180904522613065,0.693570428991501
planetary,linear,0.6331658291457286,0.7088288688734723
planetary,linear,0.6482412060301507,0.7230231112952047
planetary,linear,0.6633165829145728,0.7361939299206783
planetary,linear,0.6783919597989949,0.748384578334115
planetary,linear,0.6934673366834171,0.7596226143959658
planetary,linear,0.7085427135678392,0.7699468756632563
planetary,linear,0.7236180904522613,0.7793898689775199
planetary,linear,0.7386934673366834,0.7879848172616499
planetary,linear,0.7537688442211055,0.7957660872493553
planetary,linear,0.7688442211055276,0.8027717153490024
planetary,linear,0.7839195979899497,0.8090491693490229
planetary,linear,0.7989949748743719,0.8146497888383383
planetary,linear,0.8140703517587939,0.8196261138144274
planetary,linear,0.829145728643216,0.824052229807051
planetary,linear,0.8442211055276382,0.8280006514572712
planetary,linear,0.8592964824120602,0.8315549920548106
planetary,linear,0.8743718592964824,0.8348098325908749
planetary,linear,0.8894472361809045,0.8378636134071377
planetary,linear,0.9045226130653266,0.8408214869443622
planetary,linear,0.9195979899497487,0.8437879177534114
planetary,linear,0.9346733668341708,0.8468739018189255
planetary,linear,0.949748743718593,0.8501819996662873
planetary,linear,0.964824120603015,0.8538118339516043
planetary,linear,0.9798994974874371,0.8578563804661357
planetary,linear,0.9949748743718593,0.8623973090931312
planetary,linear,1.0100502512562815,0.8675067493124956
planetary,linear,1.0251256281407035,0.8732464676969199
planetary,linear,1.0402010050251256,0.8796637766485661
planetary,linear,1.0552763819095476,0.8867992119407775
planetary,linear,1.0703517587939697,0.8946815209386549
planetary,linear,1.085427135678392,0.903333958187301
planetary,linear,1.100502512562814,0.9127657144513561
planetary,linear,1.1155778894472361,0.9229930692721006
planetary,linear,1.1306532663316582,0.9340157661192086
planetary,linear,1.1457286432160803,0.9458394666911716
planetary,linear,1.1608040201005025,0.9584623208144174
planetary,linear,1.1758793969849246,0.9718809817698707
planetary,linear,1.1909547738693467,0.9860884840296047
planetary,linear,1.2060301507537687,1.0010646559490044
planetary,linear,1.2211055276381908,1.0167815040643935
planetary,linear,1.236180904522613,1.0331979151005337
planetary,linear,1.2512562814070352,1.0502516657309593
planetary,linear,1.2663316582914572,1.0678701995654685
planetary,linear,1.2814070351758793,1.0859674018181762
planetary,linear,1.2964824120603013,1.1044459856259876
planetary,linear,1.3115577889447236,1.1231966709339711
planetary,linear,1.3266331658291457,1.1421016173410377
planetary,linear,1.3417085427135678,1.1610355737347362
planetary,linear,1.3567839195979898,1.1798545480197493
planetary,linear,1.371859296482412,1.1984060505568221
planetary,linear,1.3869346733668342,1.2165295171541406
planetary,linear,1.4020100502512562,1.2340366586458937
planetary,linear,1.4170854271356783,1.250741535566906
planetary,linear,1.4321608040201004,1.266439596990707
planetary,linear,1.4472361809045227,1.28092145572105
planetary,linear,1.4623115577889447,1.2939890728299723
planetary,linear,1.4773869346733668,1.3054643278961353
planetary,linear,1.4924623115577889,1.3152017487038843
planetary,linear,1.507537688442211,1.323123524650907
planetary,linear,1.5226130653266332,1.3292125355588464
planetary,linear,1.5376884422110553,1.3335364869734068
planetary,linear,1.5527638190954773,1.3362140601693089
planetary,linear,1.5678391959798994,1.3374205337428324
planetary,linear,1.5829145728643215,1.3373642019140308
planetary,linear,1.5979899497487438,1.3362524110493663
planetary,linear,1.6130653266331658,1.3342962622933134
planetary,linear,1.6281407035175879,1.3316885314914977
planetary,linear,1.64321608040201,1.328602637045201
planetary,linear,1.658291457286432,1.3251853856600175
planetary,linear,1.6733668341708543,1.3215595420149202
planetary,linear,1.6884422110552764,1.3178216711795296
planetary,linear,1.7035175879396984,1.3140469210984516
planetary,linear,1.7185929648241205,1.3102935011240542
planetary,linear,1.7336683417085426,1.30659372062212
planetary,linear,1.7487437185929648,1.3029748038410394
planetary,linear,1.763819095477387,1.299444149428528
planetary,linear,1.778894472361809,1.296007077349174
planetary,linear,1.793969849246231,1.2926586208266733
planetary,linear,1.809045226130653,1.2893865025077411
planetary,linear,1.8241206030150754,1.2861845814362984
planetary,linear,1.8391959798994975,1.2830373028936688
planetary,linear,1.8542713567839195,1.2799385902347387
planetary,linear,1.8693467336683416,1.2768802521375755
planetary,linear,1.8844221105527637,1.273858445617063
planetary,linear,1.899497487437186,1.2708783071925163
planetary,linear,1.914572864321608,1.267942588783698
planetary,linear,1.92964824120603,1.2650659751532785
planetary,linear,1.9447236180904521,1.2622662632066288
planetary,linear,1.9597989949748742,1.2595655370255157
planetary,linear,1.9748743718592965,1.2569911904973856
planetary,linear,1.9899497487437185,1.2545758543619683
planetary,linear,2.0050251256281406,1.2523539131303563
planetary,linear,2.020100502512563,1.2503614806598151
planetary,linear,2.0351758793969847,1.2486387362261604
planetary,linear,2.050251256281407,1.2472200507753552
planetary,linear,2.065326633165829,1.246149213587089
planetary,linear,2.080402010050251,1.2454554287678539
planetary,linear,2.0954773869346734,1.2451690333455006
planetary,linear,2.1105527638190953,1.2453238187735982
planetary,linear,2.1256281407035176,1.2459330411136702
planetary,linear,2.1407035175879394,1.2470170860032876
planetary,linear,2.1557788944723617,1.2485795503157093
planetary,linear,2.170854271356784,1.2506187561888267
planetary,linear,2.185929648241206,1.253127285445983
planetary,linear,2.201005025125628,1.2560821700411293
planetary,linear,2.21608040201005,1.259456580682509
planetary,linear,2.2311557788944723,1.2632118760274202
planetary,linear,2.2462311557788945,1.2672974064435363
planetary,linear,2.2613065326633164,1.2716596714734612
planetary,linear,2.2763819095477387,1.2762286097950999
planetary,linear,2.2914572864321605,1.2809261946200141
planetary,linear,2.306532663316583,1.2856690277385074
planetary,linear,2.321608040201005,1.2903515514794548
planetary,linear,2.336683417085427,1.2948693682687054
planetary,linear,2.351758793969849,1.2990967976633518
planetary,linear,2.366834170854271,1.3029007319841706
planetary,linear,2.3819095477386933,1.3061378292220098
planetary,linear,2.3969849246231156,1.3086536694900583
planetary,linear,2.4120603015075375,1.310297378922251
planetary,linear,2.4271356783919598,1.3109093551872033
planetary,linear,2.4422110552763816,1.3103468582359459
planetary,linear,2.457286432160804,1.3084879171361383
planetary,linear,2.472361809045226,1.305241487277919
planetary,linear,2.487437185929648,1.300569263245378
planetary,linear,2.5025125628140703,1.29448596139503
planetary,linear,2.517587939698492,1.2870788247256566
planetary,linear,2.5326633165829144,1.278479926707461
planetary,linear,2.5477386934673367,1.2688736806994316
planetary,linear,2.5628140703517586,1.2584672202227296
planetary,linear,2.577889447236181,1.247475216751522
planetary,linear,2.5929648241206027,1.236112244551498
planetary,linear,2.608040201005025,1.2245681320409996
planetary,linear,2.6231155778894473,1.2130246765813197
planetary,linear,2.638190954773869,1.201621860798231
planetary,linear,2.6532663316582914,1.190490046836367
planetary,linear,2.6683417085427132,1.1797270917263865
planetary,linear,2.6834170854271355,1.169405166004748
planetary,linear,2.698492462311558,1.1595824180082834
planetary,linear,2.7135678391959797,1.150290775380369
planetary,linear,2.728643216080402,1.1415507302628218
planetary,linear,2.743718592964824,1.1333688555546835
planetary,linear,2.758793969849246,1.1257433378997708
planetary,linear,2.7738693467336684,1.1186649469474559
planetary,linear,2.78894472361809,1.1121173587128659
planetary,linear,2.8040201005025125,1.1060873842712664
planetary,linear,2.8190954773869343,1.1005596409933285
planetary,linear,2.8341708542713566,1.095516601020006
planetary,linear,2.849246231155779,1.0909508823579064
planetary,linear,2.8643216080402008,1.0868525552722674
planetary,linear,2.879396984924623,1.083213921006939
planetary,linear,2.8944723618090453,1.0800376494934742
planetary,linear,2.909547738693467,1.0773213997202242
planetary,linear,2.9246231155778895,1.075073928706479
planetary,linear,2.9396984924623113,1.0732969718208405
planetary,linear,2.9547738693467336,1.0720051182536898
planetary,linear,2.969849246231156,1.071205720532615
planetary,linear,2.9849246231155777,1.070909710904993
planetary,linear,3.0,1.0711061098741677
planetary,poly2,0.0,0.0
planetary,poly2,0.01507537688442211,0.00030393899409509857
planetary,poly2,0.03015075376884422,0.0012081811269450148
planetary,poly2,0.04522613065326633,0.0027237685666053725
planetary,poly2,0.06030150753768844,0.004859227634215946
planetary,poly2,0.07537688442211055,0.007623107552685566
planetary,poly2,0.09045226130653267,0.011024678807731836
planetary,poly2,0.10552763819095477,0.015070205893244515
planetary,poly2,0.12060301507537688,0.01976903292723846
planetary,poly2,0.135678391959799,0.02512524090787363
planetary,poly2,0.1507537688442211,0.03114442111647823
planetary,poly2,0.1658291457286432,0.037832937981004136
planetary,poly2,0.18090452261306533,0.04520324892137978
planetary,poly2,0.19597989949748743,0.05327869089938518
planetary,poly2,0.21105527638190955,0.062112134586178126
planetary,poly2,0.22613065326633164,0.07172601050370864
planetary,poly2,0.24120603015075376,0.08213734174124523
planetary,poly2,0.2562814070351759,0.09336750366474396
planetary,poly2,0.271356783919598,0.1054542517450133
planetary,poly2,0.28643216080402006,0.11843384971144508
planetary,poly2,0.3015075376884422,0.13234238057901976
planetary,poly2,0.3165829145728643,0.1472205998623761
planetary,poly2,0.3316582914572864,0.16309060623901103
planetary,poly2,0.34673366834170855,0.17996705239048644
planetary,poly2,0.36180904522613067,0.1978419593163115
planetary,poly2,0.37688442211055273,0.21667988818848954
planetary,poly2,0.39195979899497485,0.23639708625930958
planetary,poly2,0.40703517587939697,0.25682021057882903
planetary,poly2,0.4221105527638191,0.27770177745167574
planetary,poly2,0.4371859296482412,0.2987305932947967
planetary,poly2,0.4522613065326633,0.3195544117405679
planetary,poly2,0.4673366834170854,0.3398147745049932
planetary,poly2,0.4824120603015075,0.35916423906046613
planetary,poly2,0.49748743718592964,0.37730352134423495
planetary,poly2,0.5125628140703518,0.39400162660876825
planetary,poly2,0.5276381909547738,0.4091140950417911
planetary,poly2,0.542713567839196,0.4225772035808696
planetary,poly2,0.5577889447236181,0.4344065954577001
planetary,poly2,0.5728643216080401,0.44467818013242305
planetary,poly2,0.5879396984924623,0.4535033497149482
planetary,poly2,0.6030150753768844,0.46102249497342684
planetary,poly2,0.6180904522613065,0.4677382338101867
planetary,poly2,0.6331658291457286,0.47394736485782724
planetary,poly2,0.6482412060301507,0.4792961616089332
planetary,poly2,0.6633165829145728,0.483863768327927
planetary,poly2,0.6783919597989949,0.4877337859102052
planetary,poly2,0.6934673366834171,0.49096936567318156
planetary,poly2,0.7085427135678392,0.4936486776708797
planetary,poly2,0.7236180904522613,0.4958473646045031
planetary,poly2,0.7386934673366834,0.49765180336675724
planetary,poly2,0.7537688442211055,0.4991566401489192
planetary,poly2,0.7688442211055276,0.5004561544114643
planetary,poly2,0.7839195979899497,0.5016585873689625
planetary,poly2,0.7989949748743719,0.502884059186385
planetary,poly2,0.8140703517587939,0.5042912529504632
planetary,poly2,0.829145728643216,0.5060817636448015
planetary,poly2,0.8442211055276382,0.508588891253521
planetary,poly2,0.8592964824120602,0.5123504261412719
planetary,poly2,0.8743718592964824,0.5184675169256885
planetary,poly2,0.8894472361809045,0.5293390875055579
planetary,poly2,0.9045226130653266,0.5476808120061574
planetary,poly2,0.9195979899497487,0.5746814923707632
planetary,poly2,0.9346733668341708,0.6098060788341171
planetary,poly2,0.949748743718593,0.6517749796177824
planetary,poly2,0.964824120603015,0.6998324235536553
planetary,poly2,0.9798994974874371,0.7535538361686993
planetary,poly2,0.9949748743718593,0.8127429417728618
planetary,poly2,1.0100502512562815,0.8775122114589953
planetary,poly2,1.0251256281407035,0.9484104317734751
planetary,poly2,1.0402010050251256,1.0263967247305468
planetary,poly2,1.0552763819095476,1.1126825982734665
planetary,poly2,1.0703517587939697,1.208321683656697
planetary,poly2,1.085427135678392,1.3139435696177002
planetary,poly2,1.100502512562814,1.4293018288724828
planetary,poly2,1.1155778894472361,1.5536355920868536
planetary,poly2,1.1306532663316582,1.6858942424674914
planetary,poly2,1.1457286432160803,1.8257072462650519
planetary,poly2,1.1608040201005025,1.973547829297455
planetary,poly2,1.1758793969849246,2.1307212347416655
planetary,poly2,1.1909547738693467,2.2990114078455672
planetary,poly2,1.2060301507537687,2.4799179665014917
planetary,poly2,1.2211055276381908,2.674596683542613
planetary,poly2,1.236180904522613,2.8837888714001814
planetary,poly2,1.2512562814070352,3.1077874436174273
planetary,poly2,1.2663316582914572,3.3468268224232576
planetary,poly2,1.2814070351758793,3.601040061117051
planetary,poly2,1.2964824120603013,3.8703909162045447
planetary,poly2,1.3115577889447236,4.155062231104268
planetary,poly2,1.3266331658291457,4.455069121129805
planetary,poly2,1.3417085427135678,4.77054985936564
planetary,poly2,1.3567839195979898,5.101544884116327
planetary,poly2,1.371859296482412,5.447929966716743
planetary,poly2,1.3869346733668342,5.8094246140367884
planetary,poly2,1.4020100502512562,6.185579256499636
planetary,poly2,1.4170854271356783,6.575684725822091
planetary,poly2,1.4321608040201004,6.978971518429617
planetary,poly2,1.4472361809045227,7.3944360771162465
planetary,poly2,1.4623115577889447,7.820992739304353
planetary,poly2,1.4773869346733668,8.25754940927881
planetary,poly2,1.4924623115577889,8.7029015687777
planetary,poly2,1.507537688442211,9.156110180380889
planetary,poly2,1.5226130653266332,9.616225247256942
planetary,poly2,1.5376884422110553,10.082621438931909
planetary,poly2,1.5527638190954773,10.554864609508897
planetary,poly2,1.5678391959798994,11.03278608589836
planetary,poly2,1.5829145728643215,11.516355101172909
planetary,poly2,1.5979899497487438,12.005793540899386
planetary,poly2,1.6130653266331658,12.50134998443124
planetary,poly2,1.6281407035175879,13.003442450365906
planetary,poly2,1.64321608040201,13.512461060963677
planetary,poly2,1.658291457286432,14.028858934674293
planetary,poly2,1.6733668341708543,14.468054160453779
planetary,poly2,1.6884422110552764,14.907972046218976
planetary,poly2,1.7035175879396984,15.354836054187768
planetary,poly2,1.7185929648241205,15.809026197700485
planetary,poly2,1.7336683417085426,16.27092699193219
planetary,poly2,1.7487437185929648,16.689642117236364
planetary,poly2,1.763819095477387,17.089723208878915
planetary,poly2,1.778894472361809,17.497314972350292
planetary,poly2,1.793969849246231,17.9127747411861
planetary,poly2,1.809045226130653,18.336268414185973
planetary,poly2,1.8241206030150754,18.768114849923666
planetary,poly2,1.8391959798994975,19.208418130840336
planetary,poly2,1.8542713567839195,19.65738829791135
planetary,poly2,1.8693467336683416,20.115218860065383
planetary,poly2,1.8844221105527637,20.581953290565355
planetary,poly2,1.899497487437186,21.007303143237834
planetary,poly2,1.914572864321608,21.387870063610297
planetary,poly2,1.92964824120603,21.774814733981472
planetary,poly2,1.9447236180904521,22.1681317392789
planetary,poly2,1.9597989949748742,22.567874849305717
planetary,poly2,1.9748743718592965,22.97398981018277
planetary,poly2,1.9899497487437185,23.403923131462328
planetary,poly2,2.0050251256281406,23.775022436233854
planetary,poly2,2.020100502512563,24.109185385943896
planetary,poly2,2.0351758793969847,24.466952705489057
planetary,poly2,2.050251256281407,24.716747628611824
planetary,poly2,2.065326633165829,24.948708520296275
planetary,poly2,2.080402010050251,25.18404848288688
planetary,poly2,2.0954773869346734,25.42275122684954
planetary,poly2,2.1105527638190953,25.706180373463543
planetary,poly2,2.1256281407035176,25.864748674987776
planetary,poly2,2.1407035175879394,26.011528064380563
planetary,poly2,2.1557788944723617,26.159301734912738
planetary,poly2,2.170854271356784,26.308124849298906
planetary,poly2,2.185929648241206,26.476449506865425
planetary,poly2,2.201005025125628,26.580429907932192
planetary,poly2,2.21608040201005,26.68564955669449
planetary,poly2,2.2311557788944723,26.827639121537477
planetary,poly2,2.2462311557788945,26.889072700084558
planetary,poly2,2.2613065326633164,26.95220554434281
planetary,poly2,2.2763819095477387,27.017302320403104
planetary,poly2,2.2914572864321605,27.084614528550542
planetary,poly2,2.306532663316583,27.154433062672723
planetary,poly2,2.321608040201005,27.227129937388064
planetary,poly2,2.336683417085427,27.303085368531594
planetary,poly2,2.351758793969849,27.38272581378701
planetary,poly2,2.366834170854271,27.466539016615467
planetary,poly2,2.3819095477386933,27.555037456175786
planetary,poly2,2.3969849246231156,27.648748555677393
planetary,poly2,2.4120603015075375,27.748133601715686
planetary,poly2,2.4271356783919598,27.853605594451842
planetary,poly2,2.4422110552763816,27.96532659489777
planetary,poly2,2.457286432160804,28.08314633789154
planetary,poly2,2.472361809045226,28.20654588886243
planetary,poly2,2.487437185929648,28.334562849535597
planetary,poly2,2.5025125628140703,28.465973503475862
planetary,poly2,2.517587939698492,28.5993721332252
planetary,poly2,2.5326633165829144,28.664542293028216
planetary,poly2,2.5477386934673367,28.73842281426268
planetary,poly2,2.5628140703517586,28.810738288148872
planetary,poly2,2.577889447236181,28.880644390636963
planetary,poly2,2.5929648241206027,28.947464304390884
planetary,poly2,2.608040201005025,29.010780776784554
planetary,poly2,2.6231155778894473,29.07026800704954
planetary,poly2,2.638190954773869,29.125766603239136
planetary,poly2,2.6532663316582914,29.177177310252965
planetary,poly2,2.6683417085427132,29.224505059548022
planetary,poly2,2.6834170854271355,29.267795673321054
planetary,poly2,2.698492462311558,29.307086430224615
planetary,poly2,2.7135678391959797,29.27621474171362
planetary,poly2,2.728643216080402,29.282258008146073
planetary,poly2,2.743718592964824,29.28556291032446
planetary,poly2,2.758793969849246,29.28623962052088
planetary,poly2,2.7738693467336684,29.28440259534046
planetary,poly2,2.78894472361809,29.28015998283886
planetary,poly2,2.8040201005025125,29.273616404292312
planetary,poly2,2.8190954773869343,29.264866359960184
planetary,poly2,2.8341708542713566,29.25401130577476
planetary,poly2,2.849246231155779,29.241125083990454
planetary,poly2,2.8643216080402008,29.226292091711066
planetary,poly2,2.879396984924623,29.209590283729746
planetary,poly2,2.8944723618090453,29.191078888575998
planetary,poly2,2.909547738693467,29.170828052368034
planetary,poly2,2.9246231155778895,29.14888621013362
planetary,poly2,2.9396984924623113,29.125315999078374
planetary,poly2,2.9547738693467336,29.10015790734203
planetary,poly2,2.969849246231156,29.07345783354676
planetary,poly2,2.9849246231155777,29.045259972690424
planetary,poly2,3.0,29.016845368073596
planetary,forest,0.0,0.0
planetary,forest,0.01507537688442211,0.002153634628287171
planetary,forest,0.03015075376884422,0.004380060650547602
planetary,forest,0.04522613065326633,0.006572032509815732
planetary,forest,0.06030150753768844,0.00862084930548074
planetary,forest,0.07537688442211055,0.01027012093805412
planetary,forest,0.09045226130653267,0.011903620409960791
planetary,forest,0.10552763819095477,0.01314718135872602
planetary,forest,0.12060301507537688,0.014896743862759984
planetary,forest,0.135678391959799,0.016300637557881206
planetary,forest,0.1507537688442211,0.017402355301861357
planetary,forest,0.1658291457286432,0.018789904639751658
planetary,forest,0.18090452261306533,0.02069743940744551
planetary,forest,0.19597989949748743,0.022982632451328287
planetary,forest,0.21105527638190955,0.025622859139386202
planetary,forest,0.22613065326633164,0.027998072720445195
planetary,forest,0.24120603015075376,0.031161642545175283
planetary,forest,0.2562814070351759,0.03406349858440292
planetary,forest,0.271356783919598,0.03810744285881233
planetary,forest,0.28643216080402006,0.042231114573391
planetary,forest,0.3015075376884422,0.04718996149503321
planetary,forest,0.3165829145728643,0.05311612503559082
planetary,forest,0.3316582914572864,0.059666363437836836
planetary,forest,0.34673366834170855,0.0669174271051462
planetary,forest,0.36180904522613067,0.07555130499471761
planetary,forest,0.37688442211055273,0.08498997919978066
planetary,forest,0.39195979899497485,0.09573031223054068
planetary,forest,0.40703517587939697,0.10768354955193596
planetary,forest,0.4221105527638191,0.12068706275259469
planetary,forest,0.4371859296482412,0.1345239933004197
planetary,forest,0.4522613065326633,0.14914597350182038
planetary,forest,0.4673366834170854,0.16409074031907117
planetary,forest,0.4824120603015075,0.17904079996270944
planetary,forest,0.49748743718592964,0.1938226358291344
planetary,forest,0.5125628140703518,0.20847646304731965
planetary,forest,0.5276381909547738,0.22286058171991088
planetary,forest,0.542713567839196,0.23665532975403872
planetary,forest,0.5577889447236181,0.24937279257843176
planetary,forest,0.5728643216080401,0.26106505611730163
planetary,forest,0.5879396984924623,0.2712580068082533
planetary,forest,0.6030150753768844,0.2800137979992212
planetary,forest,0.6180904522613065,0.2875336372196361
planetary,forest,0.6331658291457286,0.29364409748878967
planetary,forest,0.6482412060301507,0.29818932904123097
planetary,forest,0.6633165829145728,0.30157416514902446
planetary,forest,0.6783919597989949,0.30382790840673624
planetary,forest,0.6934673366834171,0.30494552364205474
planetary,forest,0.7085427135678392,0.30544999269750195
planetary,forest,0.7236180904522613,0.30517316037905007
planetary,forest,0.7386934673366834,0.3038702537600973
planetary,forest,0.7537688442211055,0.30156120389483887
planetary,forest,0.7688442211055276,0.29877370639520595
planetary,forest,0.7839195979899497,0.295833047337094
planetary,forest,0.7989949748743719,0.29322656307640094
planetary,forest,0.8140703517587939,0.2907310353633721
planetary,forest,0.829145728643216,0.2886847060039853
planetary,forest,0.8442211055276382,0.2867164159501538
planetary,forest,0.8592964824120602,0.2847017110725015
planetary,forest,0.8743718592964824,0.28259727115410554
planetary,forest,0.8894472361809045,0.2806965142764156
planetary,forest,0.9045226130653266,0.2788937004241917
planetary,forest,0.9195979899497487,0.2772898437360393
planetary,forest,0.9346733668341708,0.27585600818609307
planetary,forest,0.949748743718593,0.27499224347607903
planetary,forest,0.964824120603015,0.2745269617704664
planetary,forest,0.9798994974874371,0.2740806502895759
planetary,forest,0.9949748743718593,0.2737456880806528
planetary,forest,1.0100502512562815,0.2739118064816972
planetary,forest,1.0251256281407035,0.2741833428827492
planetary,forest,1.0402010050251256,0.27522743938851846
planetary,forest,1.0552763819095476,0.2765442739358369
planetary,forest,1.0703517587939697,0.2783458982304882
planetary,forest,1.085427135678392,0.28088469287164636
planetary,forest,1.100502512562814,0.28405679452997423
planetary,forest,1.1155778894472361,0.2873221444121411
planetary,forest,1.1306532663316582,0.29128400046660696
planetary,forest,1.1457286432160803,0.2959747076483162
planetary,forest,1.1608040201005025,0.30152877292417
planetary,forest,1.1758793969849246,0.3076963058314232
planetary,forest,1.1909547738693467,0.3151675514927511
planetary,forest,1.2060301507537687,0.32395747769879085
planetary,forest,1.2211055276381908,0.33443723524347735
planetary,forest,1.236180904522613,0.3462408680420245
planetary,forest,1.2512562814070352,0.36001743141125325
planetary,forest,1.2663316582914572,0.3751475087018387
planetary,forest,1.2814070351758793,0.3909655415144317
planetary,forest,1.2964824120603013,0.4077020689166325
planetary,forest,1.3115577889447236,0.4250680531226802
planetary,forest,1.3266331658291457,0.4432319911768414
planetary,forest,1.3417085427135678,0.461948288450824
planetary,forest,1.3567839195979898,0.4811200505048778
planetary,forest,1.371859296482412,0.5011415444617471
planetary,forest,1.3869346733668342,0.5187637314068766
planetary,forest,1.4020100502512562,0.53629830585943
planetary,forest,1.4170854271356783,0.5553479767511278
planetary,forest,1.4321608040201004,0.5756259839301083
planetary,forest,1.4472361809045227,0.5957790160252795
planetary,forest,1.4623115577889447,0.6147935782839294
planetary,forest,1.4773869346733668,0.6351807565611111
planetary,forest,1.4924623115577889,0.6566716356489344
planetary,forest,1.507537688442211,0.6783665605121854
planetary,forest,1.5226130653266332,0.7002959296481663
planetary,forest,1.5376884422110553,0.7207842401907772
planetary,forest,1.5527638190954773,0.740333594132672
planetary,forest,1.5678391959798994,0.7584517104439934
planetary,forest,1.5829145728643215,0.7747038120708817
planetary,forest,1.5979899497487438,0.7900237663561317
planetary,forest,1.6130653266331658,0.8030833075247852
planetary,forest,1.6281407035175879,0.8146684387026084
planetary,forest,1.64321608040201,0.8249528852361167
planetary,forest,1.658291457286432,0.8339862023560956
planetary,forest,1.6733668341708543,0.8415596549061803
planetary,forest,1.6884422110552764,0.8482855057234042
planetary,forest,1.7035175879396984,0.8538099294971608
planetary,forest,1.7185929648241205,0.8586744699740733
planetary,forest,1.7336683417085426,0.8629031110039129
planetary,forest,1.7487437185929648,0.8658865354003019
planetary,forest,1.763819095477387,0.8682243802802759
planetary,forest,1.778894472361809,0.8696718639663688
planetary,forest,1.793969849246231,0.8708404744652929
planetary,forest,1.809045226130653,0.8687359042358155
planetary,forest,1.8241206030150754,0.8659492982358777
planetary,forest,1.8391959798994975,0.8629860552411828
planetary,forest,1.8542713567839195,0.8601603841242728
planetary,forest,1.8693467336683416,0.8565936426762985
planetary,forest,1.8844221105527637,0.8527464878780527
planetary,forest,1.899497487437186,0.8471960667823331
planetary,forest,1.914572864321608,0.840104329162819
planetary,forest,1.92964824120603,0.8332353317992117
planetary,forest,1.9447236180904521,0.8269343940797897
planetary,forest,1.9597989949748742,0.8213494792636983
planetary,forest,1.9748743718592965,0.8161442524738908
planetary,forest,1.9899497487437185,0.8109422543613215
planetary,forest,2.0050251256281406,0.8065699657151798
planetary,forest,2.020100502512563,0.8029305776215164
planetary,forest,2.0351758793969847,0.7999278126329139
planetary,forest,2.050251256281407,0.7979684697702688
planetary,forest,2.065326633165829,0.796840073893301
planetary,forest,2.080402010050251,0.7963945994752483
planetary,forest,2.0954773869346734,0.7973784392127132
planetary,forest,2.1105527638190953,0.7998095093384949
planetary,forest,2.1256281407035176,0.8036733941804188
planetary,forest,2.1407035175879394,0.808776070966811
planetary,forest,2.1557788944723617,0.8148027701561839
planetary,forest,2.170854271356784,0.8223167522180435
planetary,forest,2.185929648241206,0.8311539677169388
planetary,forest,2.201005025125628,0.8411261095960783
planetary,forest,2.21608040201005,0.8520361676359188
planetary,forest,2.2311557788944723,0.8641664078838579
planetary,forest,2.2462311557788945,0.877587328885968
planetary,forest,2.2613065326633164,0.8922807146151411
planetary,forest,2.2763819095477387,0.9074184014091052
planetary,forest,2.2914572864321605,0.923075838473331
planetary,forest,2.306532663316583,0.93845887697703
planetary,forest,2.321608040201005,0.9535173287367528
planetary,forest,2.336683417085427,0.9689249827256827
planetary,forest,2.351758793969849,0.9848856055493146
planetary,forest,2.366834170854271,1.0009629758074101
planetary,forest,2.3819095477386933,1.0179748002433666
planetary,forest,2.3969849246231156,1.034824929305679
planetary,forest,2.4120603015075375,1.0521965371724213
planetary,forest,2.4271356783919598,1.0692470128391096
planetary,forest,2.4422110552763816,1.085736081616185
planetary,forest,2.457286432160804,1.1019570417103004
planetary,forest,2.472361809045226,1.1181561421953536
planetary,forest,2.487437185929648,1.1339966193121966
planetary,forest,2.5025125628140703,1.148897825391337
planetary,forest,2.517587939698492,1.1631820305316065
planetary,forest,2.5326633165829144,1.1760471410804123
planetary,forest,2.5477386934673367,1.187414487456227
planetary,forest,2.5628140703517586,1.1965796041773378
planetary,forest,2.577889447236181,1.2046550637984026
planetary,forest,2.5929648241206027,1.211603906103266
planetary,forest,2.608040201005025,1.2174091834147995
planetary,forest,2.6231155778894473,1.2226240061641245
planetary,forest,2.638190954773869,1.2263080974078644
planetary,forest,2.6532663316582914,1.2290027144316056
planetary,forest,2.6683417085427132,1.2314519995225819
planetary,forest,2.6834170854271355,1.2332698608924608
planetary,forest,2.698492462311558,1.234577026946774
planetary,forest,2.7135678391959797,1.236067949648823
planetary,forest,2.728643216080402,1.2374169697747661
planetary,forest,2.743718592964824,1.2376260535355534
planetary,forest,2.758793969849246,1.2372744473049826
planetary,forest,2.7738693467336684,1.236165810953771
planetary,forest,2.78894472361809,1.2348606538516178
planetary,forest,2.8040201005025125,1.2333489800080601
planetary,forest,2.8190954773869343,1.23104354241519
planetary,forest,2.8341708542713566,1.2280802463336733
planetary,forest,2.849246231155779,1.2242840936455113
planetary,forest,2.8643216080402008,1.2199354263902171
planetary,forest,2.879396984924623,1.214911835675639
planetary,forest,2.8944723618090453,1.2096544989861755
planetary,forest,2.909547738693467,1.2040389623363312
planetary,forest,2.9246231155778895,1.1987115540482445
planetary,forest,2.9396984924623113,1.193093685748261
planetary,forest,2.9547738693467336,1.1874256235583043
planetary,forest,2.969849246231156,1.1819812465766029
planetary,forest,2.9849246231155777,1.1769691516607355
planetary,forest,3.0,1.172417448455301
planetary,mlp,0.0,0.0
planetary,mlp,0.01507537688442211,0.00032786331993718266
planetary,mlp,0.03015075376884422,0.0006519964012151118
planetary,mlp,0.04522613065326633,0.0009940381848253968
planetary,mlp,0.06030150753768844,0.001370986987858777
planetary,mlp,0.07537688442211055,0.001761291715184377
planetary,mlp,0.09045226130653267,0.0021709449198560452
planetary,mlp,0.10552763819095477,0.00262152295960887
planetary,mlp,0.12060301507537688,0.003100506338998571
planetary,mlp,0.135678391959799,0.0035890159679563354
planetary,mlp,0.1507537688442211,0.004093945041028956
planetary,mlp,0.1658291457286432,0.004624661552536163
planetary,mlp,0.18090452261306533,0.005179549395397802
planetary,mlp,0.19597989949748743,0.005772269505074789
planetary,mlp,0.21105527638190955,0.006450752724631521
planetary,mlp,0.22613065326633164,0.007279756007734377
planetary,mlp,0.24120603015075376,0.008323179510287673
planetary,mlp,0.2562814070351759,0.009640517990194731
planetary,mlp,0.271356783919598,0.011295961526813027
planetary,mlp,0.28643216080402006,0.01335741923951215
planetary,mlp,0.3015075376884422,0.015887851409265154
planetary,mlp,0.3165829145728643,0.01893740065604902
planetary,mlp,0.3316582914572864,0.022537047011938118
planetary,mlp,0.34673366834170855,0.0267220805083311
planetary,mlp,0.36180904522613067,0.03153194249184971
planetary,mlp,0.37688442211055273,0.036981825193282594
planetary,mlp,0.39195979899497485,0.04306369188386802
planetary,mlp,0.40703517587939697,0.04976033432295706
planetary,mlp,0.4221105527638191,0.05704069430009233
planetary,mlp,0.4371859296482412,0.06484746107152287
planetary,mlp,0.4522613065326633,0.07313486165815884
planetary,mlp,0.4673366834170854,0.08184434369227515
planetary,mlp,0.4824120603015075,0.09082549699501384
planetary,mlp,0.49748743718592964,0.09980098244147781
planetary,mlp,0.5125628140703518,0.1084974340130161
planetary,mlp,0.5276381909547738,0.11651421580557912
planetary,mlp,0.542713567839196,0.12339835089347873
planetary,mlp,0.5577889447236181,0.12898427448834474
planetary,mlp,0.5728643216080401,0.13321858885163262
planetary,mlp,0.5879396984924623,0.1360822477925821
planetary,mlp,0.6030150753768844,0.13767778505892903
planetary,mlp,0.6180904522613065,0.1381993273610593
planetary,mlp,0.6331658291457286,0.13785775768837472
planetary,mlp,0.6482412060301507,0.13688143184311957
planetary,mlp,0.6633165829145728,0.13554903599888818
planetary,mlp,0.6783919597989949,0.1341841407501259
planetary,mlp,0.6934673366834171,0.13313067171219148
planetary,mlp,0.7085427135678392,0.1327185081383553
planetary,mlp,0.7236180904522613,0.13325208429151356
planetary,mlp,0.7386934673366834,0.13502471909688954
planetary,mlp,0.7537688442211055,0.13830998824537988
planetary,mlp,0.7688442211055276,0.14333660677344065
planetary,mlp,0.7839195979899497,0.15025874720581217
planetary,mlp,0.7989949748743719,0.1591522884655382
planetary,mlp,0.8140703517587939,0.17003861333753476
planetary,mlp,0.829145728643216,0.1828815255719463
planetary,mlp,0.8442211055276382,0.197619923663587
planetary,mlp,0.8592964824120602,0.2141572598138132
planetary,mlp,0.8743718592964824,0.23234565055547005
planetary,mlp,0.8894472361809045,0.2520425846471156
planetary,mlp,0.9045226130653266,0.27308698152428373
planetary,mlp,0.9195979899497487,0.2953611641085556
planetary,mlp,0.9346733668341708,0.31874357947718857
planetary,mlp,0.949748743718593,0.3431239986776878
planetary,mlp,0.964824120603015,0.36838979077338047
planetary,mlp,0.9798994974874371,0.3944307784986298
planetary,mlp,0.9949748743718593,0.42116466209751324
planetary,mlp,1.0100502512562815,0.4485326369293262
planetary,mlp,1.0251256281407035,0.4764936373349114
planetary,mlp,1.0402010050251256,0.5050128308673042
planetary,mlp,1.0552763819095476,0.5340499739849107
planetary,mlp,1.0703517587939697,0.5635636899433905
planetary,mlp,1.085427135678392,0.5935123440780197
planetary,mlp,1.100502512562814,0.623852368553427
planetary,mlp,1.1155778894472361,0.6545483115101536
planetary,mlp,1.1306532663316582,0.6855604197065973
planetary,mlp,1.1457286432160803,0.7168505440129721
planetary,mlp,1.1608040201005025,0.7483759997376701
planetary,mlp,1.1758793969849246,0.7800932144681978
planetary,mlp,1.1909547738693467,0.8119639344938065
planetary,mlp,1.2060301507537687,0.8439439565823147
planetary,mlp,1.2211055276381908,0.8759830624753041
planetary,mlp,1.236180904522613,0.9080066598702455
planetary,mlp,1.2512562814070352,0.9399272655169979
planetary,mlp,1.2663316582914572,0.9716516118680734
planetary,mlp,1.2814070351758793,1.003083652366553
planetary,mlp,1.2964824120603013,1.0341250595048948
planetary,mlp,1.3115577889447236,1.0646560222725667
planetary,mlp,1.3266331658291457,1.09454165658172
planetary,mlp,1.3417085427135678,1.1236135673506535
planetary,mlp,1.3567839195979898,1.1516721370847938
planetary,mlp,1.371859296482412,1.1784996039315694
planetary,mlp,1.3869346733668342,1.2038520901086631
planetary,mlp,1.4020100502512562,1.227468630923584
planetary,mlp,1.4170854271356783,1.2490753045082523
planetary,mlp,1.4321608040201004,1.2683725822241008
planetary,mlp,1.4472361809045227,1.285044709910725
planetary,mlp,1.4623115577889447,1.298762549485933
planetary,mlp,1.4773869346733668,1.3092437318718548
planetary,mlp,1.4924623115577889,1.3162293279562047
planetary,mlp,1.507537688442211,1.3195748484437426
planetary,mlp,1.5226130653266332,1.3192473382664953
planetary,mlp,1.5376884422110553,1.3153424859383105
planetary,mlp,1.5527638190954773,1.3080655075173047
planetary,mlp,1.5678391959798994,1.2976997718040693
planetary,mlp,1.5829145728643215,1.2846153712871085
planetary,mlp,1.5979899497487438,1.2691852940908595
planetary,mlp,1.6130653266331658,1.2518439882486656
planetary,mlp,1.6281407035175879,1.2330818705838884
planetary,mlp,1.64321608040201,1.2134376044712014
planetary,mlp,1.658291457286432,1.1935126969055319
planetary,mlp,1.6733668341708543,1.1739079098505576
planetary,mlp,1.6884422110552764,1.155207994146035
planetary,mlp,1.7035175879396984,1.1379526516081626
planetary,mlp,1.7185929648241205,1.1226121054246456
planetary,mlp,1.7336683417085426,1.109567798106762
planetary,mlp,1.7487437185929648,1.099079822636698
planetary,mlp,1.763819095477387,1.0914061875108245
planetary,mlp,1.778894472361809,1.086725798079518
planetary,mlp,1.793969849246231,1.0852468580047159
planetary,mlp,1.809045226130653,1.0871519429212915
planetary,mlp,1.8241206030150754,1.0925890593919658
planetary,mlp,1.8391959798994975,1.1016519315267188
planetary,mlp,1.8542713567839195,1.1143557699589675
planetary,mlp,1.8693467336683416,1.130677222167455
planetary,mlp,1.8844221105527637,1.1505067404099136
planetary,mlp,1.899497487437186,1.1737129599984961
planetary,mlp,1.914572864321608,1.2001606228371604
planetary,mlp,1.92964824120603,1.2297243847929666
planetary,mlp,1.9447236180904521,1.2623167494700858
planetary,mlp,1.9597989949748742,1.2978365652185464
planetary,mlp,1.9748743718592965,1.3361445391350417
planetary,mlp,1.9899497487437185,1.377092917802214
planetary,mlp,2.0050251256281406,1.4205025253749288
planetary,mlp,2.020100502512563,1.4662266305731253
planetary,mlp,2.0351758793969847,1.5141161795707425
planetary,mlp,2.050251256281407,1.5640440284050532
planetary,mlp,2.065326633165829,1.6158961378306507
planetary,mlp,2.080402010050251,1.669537318042091
planetary,mlp,2.0954773869346734,1.7248465800576387
planetary,mlp,2.1105527638190953,1.7816926725528421
planetary,mlp,2.1256281407035176,1.839953193327771
planetary,mlp,2.1407035175879394,1.8994891273019614
planetary,mlp,2.1557788944723617,1.9601602802504936
planetary,mlp,2.170854271356784,2.021815255639795
planetary,mlp,2.185929648241206,2.0842867630646196
planetary,mlp,2.201005025125628,2.1473951326179255
planetary,mlp,2.21608040201005,2.2109434795876846
planetary,mlp,2.2311557788944723,2.2747218694405222
planetary,mlp,2.2462311557788945,2.3385043939453665
planetary,mlp,2.2613065326633164,2.4020411214187467
planetary,mlp,2.2763819095477387,2.4650709282900753
planetary,mlp,2.2914572864321605,2.527315998102455
planetary,mlp,2.306532663316583,2.5884612981258908
planetary,mlp,2.321608040201005,2.6481623291091845
planetary,mlp,2.336683417085427,2.706032932918977
planetary,mlp,2.351758793969849,2.7616597464453303
planetary,mlp,2.366834170854271,2.8145810939041036
planetary,mlp,2.3819095477386933,2.864312569424178
planetary,mlp,2.3969849246231156,2.9103542897359036
planetary,mlp,2.4120603015075375,2.9521681655683905
planetary,mlp,2.4271356783919598,2.9892380894959834
planetary,mlp,2.4422110552763816,3.0210492933474358
planetary,mlp,2.457286432160804,3.0471572925519093
planetary,mlp,2.472361809045226,3.0671864815498715
planetary,mlp,2.487437185929648,3.0808792976672366
planetary,mlp,2.5025125628140703,3.088151261793135
planetary,mlp,2.517587939698492,3.089087580582126
planetary,mlp,2.5326633165829144,3.0839381435175577
planetary,mlp,2.5477386934673367,3.073120357440061
planetary,mlp,2.5628140703517586,3.057170451077717
planetary,mlp,2.577889447236181,3.0367045769459415
planetary,mlp,2.5929648241206027,3.012378984042684
planetary,mlp,2.608040201005025,2.9848704983162846
planetary,mlp,2.6231155778894473,2.9548306690282127
planetary,mlp,2.638190954773869,2.9229031772419978
planetary,mlp,2.6532663316582914,2.8896838639314253
planetary,mlp,2.6683417085427132,2.8557587797451793
planetary,mlp,2.6834170854271355,2.8216885423123594
planetary,mlp,2.698492462311558,2.787993391201933
planetary,mlp,2.7135678391959797,2.7551923905828444
planetary,mlp,2.728643216080402,2.7237335150261055
planetary,mlp,2.743718592964824,2.6940537973085563
planetary,mlp,2.758793969849246,2.6665399301261843
planetary,mlp,2.7738693467336684,2.6415532094059464
planetary,mlp,2.78894472361809,2.619427871331553
planetary,mlp,2.8040201005025125,2.6004714342742625
planetary,mlp,2.8190954773869343,2.5849663408928056
planetary,mlp,2.8341708542713566,2.5731284055457193
planetary,mlp,2.849246231155779,2.5651671433724887
planetary,mlp,2.8643216080402008,2.561259673206057
planetary,mlp,2.879396984924623,2.5615462030008005
planetary,mlp,2.8944723618090453,2.5661429330437704
planetary,mlp,2.909547738693467,2.5751399542690883
planetary,mlp,2.9246231155778895,2.58852804276874
planetary,mlp,2.9396984924623113,2.6062949604589907
planetary,mlp,2.9547738693467336,2.6283897188158214
planetary,mlp,2.969849246231156,2.654725796970105
planetary,mlp,2.9849246231155777,2.6851928104731004
planetary,mlp,3.0,2.7182078364257167
